ID,Nom,Date de début,Date de fin,Durée,Avancée,Coût,Responsable,Prédécesseurs,Numéro hiérarchique,Ressources,Assignments,Nouvelle tâche,Lien internet,Notes
33665,15924,30/03/2021,30/03/2021,1,0,0,,,1.1.1.1.1.4.1.2.1.30,,,#000000,,https://www.service-public.fr/particuliers/vosdroits/R51791
33667,15929,30/03/2021,30/03/2021,1,0,0,,,1.1.1.1.1.4.1.2.1.31,,,#000000,,https://www.service-public.fr/particuliers/vosdroits/R51717
33669,11054,30/03/2021,30/03/2021,1,0,0,,,1.1.1.1.1.4.1.2.1.32,,,#000000,,https://www.service-public.fr/particuliers/vosdroits/R1303
33671,16136,30/03/2021,30/03/2021,1,0,0,,,1.1.1.1.1.4.1.2.1.33,,,#000000,,https://www.service-public.fr/particuliers/vosdroits/R58493
33673,12413,30/03/2021,30/03/2021,1,0,0,,,1.1.1.1.1.4.1.2.1.34,,,#000000,,https://www.service-public.fr/particuliers/vosdroits/R33422
33675,11053,30/03/2021,30/03/2021,1,0,0,,,1.1.1.1.1.4.1.2.1.35,,,#000000,,https://www.service-public.fr/particuliers/vosdroits/R1302
33677,15217,30/03/2021,30/03/2021,1,0,0,,,1.1.1.1.1.4.1.2.1.36,,,#000000,,https://www.service-public.fr/particuliers/vosdroits/R38131
33679,10915,30/03/2021,30/03/2021,1,0,0,,,1.1.1.1.1.4.1.2.1.37,,,#000000,,https://www.service-public.fr/particuliers/vosdroits/R1299
33681,14952,30/03/2021,30/03/2021,1,0,0,,,1.1.1.1.1.4.1.2.1.38,,,#000000,,https://www.service-public.fr/particuliers/vosdroits/R12675
33683,14820,30/03/2021,30/03/2021,1,0,0,,,1.1.1.1.1.4.1.2.1.39,,,#000000,,https://www.service-public.fr/particuliers/vosdroits/R2409
33685,11531,30/03/2021,30/03/2021,1,0,0,,,1.1.1.1.1.4.1.2.1.40,,,#000000,,https://www.service-public.fr/particuliers/vosdroits/R18387
33687,15319,30/03/2021,30/03/2021,1,0,0,,,1.1.1.1.1.4.1.2.1.41,,,#000000,,https://www.service-public.fr/particuliers/vosdroits/R2500
33689,14011,30/03/2021,30/03/2021,1,0,0,,,1.1.1.1.1.4.1.2.1.42,,,#000000,,https://www.service-public.fr/particuliers/vosdroits/R13630
33691,14998,30/03/2021,30/03/2021,1,0,0,,,1.1.1.1.1.4.1.2.1.43,,,#000000,,https://www.service-public.fr/particuliers/vosdroits/R34320
33693,14095,30/03/2021,30/03/2021,1,0,0,,,1.1.1.1.1.4.1.2.1.44,,,#000000,,https://www.service-public.fr/particuliers/vosdroits/R24394
33695,12671,30/03/2021,30/03/2021,1,0,0,,,1.1.1.1.1.4.1.2.1.45,,,#000000,,https://www.service-public.fr/particuliers/vosdroits/R16025
33697,15646,30/03/2021,30/03/2021,1,0,0,,,1.1.1.1.1.4.1.2.1.46,,,#000000,,https://www.service-public.fr/particuliers/vosdroits/R46121
33699,13343,30/03/2021,30/03/2021,1,0,0,,,1.1.1.1.1.4.1.2.1.47,,,#000000,,https://www.service-public.fr/particuliers/vosdroits/R12056
33701,15867,30/03/2021,30/03/2021,1,0,0,,,1.1.1.1.1.4.1.2.1.48,,,#000000,,https://www.service-public.fr/particuliers/vosdroits/R50582
33703,15286,30/03/2021,30/03/2021,1,0,0,,,1.1.1.1.1.4.1.2.1.49,,,#000000,,https://www.service-public.fr/particuliers/vosdroits/R32739
33705,65-0054,30/03/2021,30/03/2021,1,0,0,,,1.1.1.1.1.4.1.2.1.50,,,#000000,,https://www.service-public.fr/particuliers/vosdroits/R43055
33707,12411,30/03/2021,30/03/2021,1,0,0,,,1.1.1.1.1.4.1.2.1.51,,,#000000,,https://www.service-public.fr/particuliers/vosdroits/R33424
33709,15215,30/03/2021,30/03/2021,1,0,0,,,1.1.1.1.1.4.1.2.1.52,,,#000000,,https://www.service-public.fr/particuliers/vosdroits/R38127
33711,13484,30/03/2021,30/03/2021,1,0,0,,,1.1.1.1.1.4.1.2.1.53,,,#000000,,https://www.service-public.fr/particuliers/vosdroits/R2228
33713,10873,30/03/2021,30/03/2021,1,0,0,,,1.1.1.1.1.4.1.2.1.54,,,#000000,,https://www.service-public.fr/particuliers/vosdroits/R1298
33715,13806,30/03/2021,30/03/2021,1,0,0,,,1.1.1.1.1.4.1.2.1.55,,,#000000,,https://www.service-public.fr/particuliers/vosdroits/R13984
33717,11057,30/03/2021,30/03/2021,1,0,0,,,1.1.1.1.1.4.1.2.1.56,,,#000000,,https://www.service-public.fr/particuliers/vosdroits/R17202
33719,14342,30/03/2021,30/03/2021,1,0,0,,,1.1.1.1.1.4.1.2.1.57,,,#000000,,https://www.service-public.fr/particuliers/vosdroits/R33366
33721,11718,30/03/2021,30/03/2021,1,0,0,,,1.1.1.1.1.4.1.2.1.58,,,#000000,,https://www.service-public.fr/particuliers/vosdroits/R1249
33723,15264,30/03/2021,30/03/2021,1,0,0,,,1.1.1.1.1.4.1.2.1.59,,,#000000,,https://www.service-public.fr/particuliers/vosdroits/R39695
33725,11796,30/03/2021,30/03/2021,1,0,0,,,1.1.1.1.1.4.1.2.1.60,,,#000000,,https://www.service-public.fr/particuliers/vosdroits/R1494
33727,14821,30/03/2021,30/03/2021,1,0,0,,,1.1.1.1.1.4.1.2.1.61,,,#000000,,https://www.service-public.fr/particuliers/vosdroits/R58554
33729,10861,30/03/2021,30/03/2021,1,0,0,,,1.1.1.1.1.4.1.2.1.62,,,#000000,,https://www.service-public.fr/particuliers/vosdroits/R1290
33731,15409,30/03/2021,30/03/2021,1,0,0,,,1.1.1.1.1.4.1.2.1.63,,,#000000,,https://www.service-public.fr/particuliers/vosdroits/R32761
33733,12669,30/03/2021,30/03/2021,1,0,0,,,1.1.1.1.1.4.1.2.1.64,,,#000000,,https://www.service-public.fr/particuliers/vosdroits/R16024
33735,13344,30/03/2021,30/03/2021,1,0,0,,,1.1.1.1.1.4.1.2.1.65,,,#000000,,https://www.service-public.fr/particuliers/vosdroits/R12536
33737,15218,30/03/2021,30/03/2021,1,0,0,,,1.1.1.1.1.4.1.2.1.66,,,#000000,,https://www.service-public.fr/particuliers/vosdroits/R38133
33739,11051,30/03/2021,30/03/2021,1,0,0,,,1.1.1.1.1.4.1.2.1.67,,,#000000,,https://www.service-public.fr/particuliers/vosdroits/R12065
33741,10860,30/03/2021,30/03/2021,1,0,0,,,1.1.1.1.1.4.1.2.1.68,,,#000000,,https://www.service-public.fr/particuliers/vosdroits/R1301
33743,14448,30/03/2021,30/03/2021,1,0,0,,,1.1.1.1.1.4.1.2.1.69,,,#000000,,https://www.service-public.fr/particuliers/vosdroits/R10762
33745,11360,30/03/2021,30/03/2021,1,0,0,,,1.1.1.1.1.4.1.2.1.70,,,#000000,,https://www.service-public.fr/particuliers/vosdroits/R12060
33747,15868,30/03/2021,30/03/2021,1,0,0,,,1.1.1.1.1.4.1.2.1.71,,,#000000,,https://www.service-public.fr/particuliers/vosdroits/R1304
33749,11797,30/03/2021,30/03/2021,1,0,0,,,1.1.1.1.1.4.1.2.1.72,,,#000000,,https://www.service-public.fr/particuliers/vosdroits/R1495
33751,12412,30/03/2021,30/03/2021,1,0,0,,,1.1.1.1.1.4.1.2.1.73,,,#000000,,https://www.service-public.fr/particuliers/vosdroits/R33423
33753,12414,30/03/2021,30/03/2021,1,0,0,,,1.1.1.1.1.4.1.2.1.74,,,#000000,,https://www.service-public.fr/particuliers/vosdroits/R33421
33755,15872,30/03/2021,30/03/2021,1,0,0,,,1.1.1.1.1.4.1.2.1.75,,,#000000,,https://www.service-public.fr/particuliers/vosdroits/R17200
33757,12621,30/03/2021,30/03/2021,1,0,0,,,1.1.1.1.1.4.1.2.1.76,,,#000000,,https://www.service-public.fr/particuliers/vosdroits/R1571
33759,13485,30/03/2021,30/03/2021,1,0,0,,,1.1.1.1.1.4.1.2.1.77,,,#000000,,https://www.service-public.fr/particuliers/vosdroits/R44842
33761,12670,30/03/2021,30/03/2021,1,0,0,,,1.1.1.1.1.4.1.2.1.78,,,#000000,,https://www.service-public.fr/particuliers/vosdroits/R16026
33763,15407,30/03/2021,30/03/2021,1,0,0,,,1.1.1.1.1.4.1.2.1.79,,,#000000,,https://www.service-public.fr/particuliers/vosdroits/R58786
33765,15244,30/03/2021,30/03/2021,1,0,0,,,1.1.1.1.1.4.1.2.1.80,,,#000000,,https://www.service-public.fr/particuliers/vosdroits/R58784
33767,16049,30/03/2021,30/03/2021,1,0,0,,,1.1.1.1.1.4.1.2.1.81,,,#000000,,https://www.service-public.fr/particuliers/vosdroits/R55462
33769,14997,30/03/2021,30/03/2021,1,0,0,,,1.1.1.1.1.4.1.2.1.82,,,#000000,,https://www.service-public.fr/particuliers/vosdroits/R34318
33771,16003,30/03/2021,30/03/2021,1,0,0,,,1.1.1.1.1.4.1.2.1.83,,,#000000,,https://www.service-public.fr/particuliers/vosdroits/R54622
33773,16050,30/03/2021,30/03/2021,1,0,0,,,1.1.1.1.1.4.1.2.1.84,,,#000000,,https://www.service-public.fr/particuliers/vosdroits/R55463
33775,16039,30/03/2021,30/03/2021,1,0,0,,,1.1.1.1.1.4.1.2.1.85,,,#000000,,https://www.service-public.fr/particuliers/vosdroits/R55236
33777,15873,30/03/2021,30/03/2021,1,0,0,,,1.1.1.1.1.4.1.2.1.86,,,#000000,,https://www.service-public.fr/particuliers/vosdroits/R50561
33779,15703,30/03/2021,30/03/2021,1,0,0,,,1.1.1.1.1.4.1.2.1.87,,,#000000,,https://www.service-public.fr/particuliers/vosdroits/R47867
33781,15058,30/03/2021,30/03/2021,1,0,0,,,1.1.1.1.1.4.1.2.1.88,,,#000000,,https://www.service-public.fr/particuliers/vosdroits/R58553
33783,15245,30/03/2021,30/03/2021,1,0,0,,,1.1.1.1.1.4.1.2.1.89,,,#000000,,https://www.service-public.fr/particuliers/vosdroits/R58785
33785,15874,30/03/2021,30/03/2021,1,0,0,,,1.1.1.1.1.4.1.2.1.90,,,#000000,,https://www.service-public.fr/particuliers/vosdroits/R50211
33787,16110,30/03/2021,30/03/2021,1,0,0,,,1.1.1.1.1.4.1.2.1.91,,,#000000,,https://www.service-public.fr/particuliers/vosdroits/R57071
33789,15902,30/03/2021,30/03/2021,1,0,0,,,1.1.1.1.1.4.1.2.1.92,,,#000000,,https://www.service-public.fr/particuliers/vosdroits/R55190
33791,15994,30/03/2021,30/03/2021,1,0,0,,,1.1.1.1.1.4.1.2.1.93,,,#000000,,https://www.service-public.fr/particuliers/vosdroits/R54621
33793,15878,30/03/2021,30/03/2021,1,0,0,,,1.1.1.1.1.4.1.2.1.94,,,#000000,,https://www.service-public.fr/particuliers/vosdroits/R55504
33795,16137,30/03/2021,30/03/2021,1,0,0,,,1.1.1.1.1.4.1.2.1.95,,,#000000,,https://www.service-public.fr/particuliers/vosdroits/R58494
33797,16038,30/03/2021,30/03/2021,1,0,0,,,1.1.1.1.1.4.1.2.1.96,,,#000000,,https://www.service-public.fr/particuliers/vosdroits/R55153
33799,14996,30/03/2021,30/03/2021,1,0,0,,,1.1.1.1.1.4.1.2.1.97,,,#000000,,https://www.service-public.fr/particuliers/vosdroits/R34319
33801,15408,30/03/2021,30/03/2021,1,0,0,,,1.1.1.1.1.4.1.2.1.98,,,#000000,,https://www.service-public.fr/particuliers/vosdroits/R58787
33597,12038,30/03/2021,30/03/2021,1,0,0,,,1.1.1.1.1.4.1.2.2.2,,,#000000,,https://www.service-public.fr/particuliers/vosdroits/R54463
33599,15891,30/03/2021,30/03/2021,1,0,0,,,1.1.1.1.1.4.1.2.2.3,,,#000000,,https://www.service-public.fr/particuliers/vosdroits/R50473
33601,15911,30/03/2021,30/03/2021,1,0,0,,,1.1.1.1.1.4.1.2.2.4,,,#000000,,https://www.service-public.fr/particuliers/vosdroits/R49733
33603,13582,30/03/2021,30/03/2021,1,0,0,,,1.1.1.1.1.4.1.2.2.5,,,#000000,,https://www.service-public.fr/particuliers/vosdroits/R1348
33605,15812,30/03/2021,30/03/2021,1,0,0,,,1.1.1.1.1.4.1.2.2.6,,,#000000,,https://www.service-public.fr/particuliers/vosdroits/R49695
33607,12666,30/03/2021,30/03/2021,1,0,0,,,1.1.1.1.1.4.1.2.2.7,,,#000000,,https://www.service-public.fr/particuliers/vosdroits/R15336
33609,15866,30/03/2021,30/03/2021,1,0,0,,,1.1.1.1.1.4.1.2.2.8,,,#000000,,https://www.service-public.fr/particuliers/vosdroits/R49728
33611,15065,30/03/2021,30/03/2021,1,0,0,,,1.1.1.1.1.4.1.2.2.9,,,#000000,,https://www.service-public.fr/particuliers/vosdroits/R36750
33613,13592,30/03/2021,30/03/2021,1,0,0,,,1.1.1.1.1.4.1.2.2.10,,,#000000,,https://www.service-public.fr/particuliers/vosdroits/R17967
33615,15603,30/03/2021,30/03/2021,1,0,0,,,1.1.1.1.1.4.1.2.2.11,,,#000000,,https://www.service-public.fr/particuliers/vosdroits/R46400
33617,14837,30/03/2021,30/03/2021,1,0,0,,,1.1.1.1.1.4.1.2.2.12,,,#000000,,https://www.service-public.fr/particuliers/vosdroits/R24548
33619,12231,30/03/2021,30/03/2021,1,0,0,,,1.1.1.1.1.4.1.2.2.13,,,#000000,,https://www.service-public.fr/particuliers/vosdroits/R10692
33621,12324,30/03/2021,30/03/2021,1,0,0,,,1.1.1.1.1.4.1.2.2.14,,,#000000,,https://www.service-public.fr/particuliers/vosdroits/R50533
33623,10074,30/03/2021,30/03/2021,1,0,0,,,1.1.1.1.1.4.1.2.2.15,,,#000000,,https://www.service-public.fr/particuliers/vosdroits/R1990
33625,15695,30/03/2021,30/03/2021,1,0,0,,,1.1.1.1.1.4.1.2.2.16,,,#000000,,https://www.service-public.fr/particuliers/vosdroits/R19996
33627,11531,30/03/2021,30/03/2021,1,0,0,,,1.1.1.1.1.4.1.2.2.17,,,#000000,,https://www.service-public.fr/particuliers/vosdroits/R18387
33629,16076,30/03/2021,30/03/2021,1,0,0,,,1.1.1.1.1.4.1.2.2.18,,,#000000,,https://www.service-public.fr/particuliers/vosdroits/R56622
33631,15790,30/03/2021,30/03/2021,1,0,0,,,1.1.1.1.1.4.1.2.2.19,,,#000000,,https://www.service-public.fr/particuliers/vosdroits/R49073
33633,14954,30/03/2021,30/03/2021,1,0,0,,,1.1.1.1.1.4.1.2.2.20,,,#000000,,https://www.service-public.fr/particuliers/vosdroits/R32890
33635,15454,30/03/2021,30/03/2021,1,0,0,,,1.1.1.1.1.4.1.2.2.21,,,#000000,,https://www.service-public.fr/particuliers/vosdroits/R42402
33637,15731,30/03/2021,30/03/2021,1,0,0,,,1.1.1.1.1.4.1.2.2.22,,,#000000,,https://www.service-public.fr/particuliers/vosdroits/R48337
33639,11527,30/03/2021,30/03/2021,1,0,0,,,1.1.1.1.1.4.1.2.2.23,,,#000000,,https://www.service-public.fr/particuliers/vosdroits/R11307
33641,12539,30/03/2021,30/03/2021,1,0,0,,,1.1.1.1.1.4.1.2.2.24,,,#000000,,https://www.service-public.fr/particuliers/vosdroits/R11499
33643,11791,30/03/2021,30/03/2021,1,0,0,,,1.1.1.1.1.4.1.2.2.25,,,#000000,,https://www.service-public.fr/particuliers/vosdroits/R1436
33645,13395,30/03/2021,30/03/2021,1,0,0,,,1.1.1.1.1.4.1.2.2.26,,,#000000,,https://www.service-public.fr/particuliers/vosdroits/R39725
33647,13932,30/03/2021,30/03/2021,1,0,0,,,1.1.1.1.1.4.1.2.2.27,,,#000000,,https://www.service-public.fr/particuliers/vosdroits/R17573
33649,13487,30/03/2021,30/03/2021,1,0,0,,,1.1.1.1.1.4.1.2.2.28,,,#000000,,https://www.service-public.fr/particuliers/vosdroits/R2937
33651,15646,30/03/2021,30/03/2021,1,0,0,,,1.1.1.1.1.4.1.2.2.29,,,#000000,,https://www.service-public.fr/particuliers/vosdroits/R46121
33653,16116,30/03/2021,30/03/2021,1,0,0,,,1.1.1.1.1.4.1.2.2.30,,,#000000,,https://www.service-public.fr/particuliers/vosdroits/R57466
33655,11319,30/03/2021,30/03/2021,1,0,0,,,1.1.1.1.1.4.1.2.2.31,,,#000000,,https://www.service-public.fr/particuliers/vosdroits/R43243
33657,60-3555,30/03/2021,30/03/2021,1,0,0,,,1.1.1.1.1.4.1.2.2.32,,,#000000,,https://www.service-public.fr/particuliers/vosdroits/R1343
33659,15456,30/03/2021,30/03/2021,1,0,0,,,1.1.1.1.1.4.1.2.2.33,,,#000000,,https://www.service-public.fr/particuliers/vosdroits/R42403
33661,14000,30/03/2021,30/03/2021,1,0,0,,,1.1.1.1.1.4.1.2.2.34,,,#000000,,https://www.service-public.fr/particuliers/vosdroits/R36342
33663,15725,30/03/2021,30/03/2021,1,0,0,,,1.1.1.1.1.4.1.2.2.35,,,#000000,,https://www.service-public.fr/particuliers/vosdroits/R48756
33665,11278,30/03/2021,30/03/2021,1,0,0,,,1.1.1.1.1.4.1.2.2.36,,,#000000,,https://www.service-public.fr/particuliers/vosdroits/R1224
33667,15743,30/03/2021,30/03/2021,1,0,0,,,1.1.1.1.1.4.1.2.2.37,,,#000000,,https://www.service-public.fr/particuliers/vosdroits/R48366
33669,15331,30/03/2021,30/03/2021,1,0,0,,,1.1.1.1.1.4.1.2.2.38,,,#000000,,https://www.service-public.fr/particuliers/vosdroits/R41082
33671,13931,30/03/2021,30/03/2021,1,0,0,,,1.1.1.1.1.4.1.2.2.39,,,#000000,,https://www.service-public.fr/particuliers/vosdroits/R19839
33673,10431,30/03/2021,30/03/2021,1,0,0,,,1.1.1.1.1.4.1.2.2.40,,,#000000,,https://www.service-public.fr/particuliers/vosdroits/R1442
33675,15457,30/03/2021,30/03/2021,1,0,0,,,1.1.1.1.1.4.1.2.2.41,,,#000000,,https://www.service-public.fr/particuliers/vosdroits/R42406
33677,15828,30/03/2021,30/03/2021,1,0,0,,,1.1.1.1.1.4.1.2.2.42,,,#000000,,https://www.service-public.fr/particuliers/vosdroits/R2849
33679,12098,30/03/2021,30/03/2021,1,0,0,,,1.1.1.1.1.4.1.2.2.43,,,#000000,,https://www.service-public.fr/particuliers/vosdroits/R1339
33681,13364,30/03/2021,30/03/2021,1,0,0,,,1.1.1.1.1.4.1.2.2.44,,,#000000,,https://www.service-public.fr/particuliers/vosdroits/R1392
33683,13913,30/03/2021,30/03/2021,1,0,0,,,1.1.1.1.1.4.1.2.2.45,,,#000000,,https://www.service-public.fr/particuliers/vosdroits/R1898
33685,12785,30/03/2021,30/03/2021,1,0,0,,,1.1.1.1.1.4.1.2.2.46,,,#000000,,https://www.service-public.fr/particuliers/vosdroits/R2000
33687,14919,30/03/2021,30/03/2021,1,0,0,,,1.1.1.1.1.4.1.2.2.47,,,#000000,,https://www.service-public.fr/particuliers/vosdroits/R31793
33689,12324,30/03/2021,30/03/2021,1,0,0,,,1.1.1.1.1.4.1.2.2.48,,,#000000,,https://www.service-public.fr/particuliers/vosdroits/R1490
33691,14579,30/03/2021,30/03/2021,1,0,0,,,1.1.1.1.1.4.1.2.2.49,,,#000000,,https://www.service-public.fr/particuliers/vosdroits/R38077
33693,15330,30/03/2021,30/03/2021,1,0,0,,,1.1.1.1.1.4.1.2.2.50,,,#000000,,https://www.service-public.fr/particuliers/vosdroits/R41081
33695,15425,30/03/2021,30/03/2021,1,0,0,,,1.1.1.1.1.4.1.2.2.51,,,#000000,,https://www.service-public.fr/particuliers/vosdroits/R42126
33697,15692,30/03/2021,30/03/2021,1,0,0,,,1.1.1.1.1.4.1.2.2.52,,,#000000,,https://www.service-public.fr/particuliers/vosdroits/R19993
33699,10112,30/03/2021,30/03/2021,1,0,0,,,1.1.1.1.1.4.1.2.2.53,,,#000000,,https://www.service-public.fr/particuliers/vosdroits/R1305
33701,14955,30/03/2021,30/03/2021,1,0,0,,,1.1.1.1.1.4.1.2.2.54,,,#000000,,https://www.service-public.fr/particuliers/vosdroits/R32895
33703,15985,30/03/2021,30/03/2021,1,0,0,,,1.1.1.1.1.4.1.2.2.55,,,#000000,,https://www.service-public.fr/particuliers/vosdroits/R40723
33705,11979,30/03/2021,30/03/2021,1,0,0,,,1.1.1.1.1.4.1.2.2.56,,,#000000,,https://www.service-public.fr/particuliers/vosdroits/R1393
33707,16112,30/03/2021,30/03/2021,1,0,0,,,1.1.1.1.1.4.1.2.2.57,,,#000000,,https://www.service-public.fr/particuliers/vosdroits/R1448
33709,11525,30/03/2021,30/03/2021,1,0,0,,,1.1.1.1.1.4.1.2.2.58,,,#000000,,https://www.service-public.fr/particuliers/vosdroits/R1323
33711,12283,30/03/2021,30/03/2021,1,0,0,,,1.1.1.1.1.4.1.2.2.59,,,#000000,,https://www.service-public.fr/particuliers/vosdroits/R15957
33713,13773,30/03/2021,30/03/2021,1,0,0,,,1.1.1.1.1.4.1.2.2.60,,,#000000,,https://www.service-public.fr/particuliers/vosdroits/R19553
33715,11779,30/03/2021,30/03/2021,1,0,0,,,1.1.1.1.1.4.1.2.2.61,,,#000000,,https://www.service-public.fr/particuliers/vosdroits/R21220
33717,12818,30/03/2021,30/03/2021,1,0,0,,,1.1.1.1.1.4.1.2.2.62,,,#000000,,https://www.service-public.fr/particuliers/vosdroits/R10282
33719,11530,30/03/2021,30/03/2021,1,0,0,,,1.1.1.1.1.4.1.2.2.63,,,#000000,,https://www.service-public.fr/particuliers/vosdroits/R15764
33721,15122,30/03/2021,30/03/2021,1,0,0,,,1.1.1.1.1.4.1.2.2.64,,,#000000,,https://www.service-public.fr/particuliers/vosdroits/R37337
33723,13485,30/03/2021,30/03/2021,1,0,0,,,1.1.1.1.1.4.1.2.2.65,,,#000000,,https://www.service-public.fr/particuliers/vosdroits/R44842
33725,13394,30/03/2021,30/03/2021,1,0,0,,,1.1.1.1.1.4.1.2.2.66,,,#000000,,https://www.service-public.fr/particuliers/vosdroits/R19162
33727,13483,30/03/2021,30/03/2021,1,0,0,,,1.1.1.1.1.4.1.2.2.67,,,#000000,,https://www.service-public.fr/particuliers/vosdroits/R18759
33729,11962,30/03/2021,30/03/2021,1,0,0,,,1.1.1.1.1.4.1.2.2.68,,,#000000,,https://www.service-public.fr/particuliers/vosdroits/R15643
33731,15740,30/03/2021,30/03/2021,1,0,0,,,1.1.1.1.1.4.1.2.2.69,,,#000000,,https://www.service-public.fr/particuliers/vosdroits/R48360
33733,11423,30/03/2021,30/03/2021,1,0,0,,,1.1.1.1.1.4.1.2.2.70,,,#000000,,https://www.service-public.fr/particuliers/vosdroits/R50664
33735,11423,30/03/2021,30/03/2021,1,0,0,,,1.1.1.1.1.4.1.2.2.71,,,#000000,,https://www.service-public.fr/particuliers/vosdroits/R50656
33737,15829,30/03/2021,30/03/2021,1,0,0,,,1.1.1.1.1.4.1.2.2.72,,,#000000,,https://www.service-public.fr/particuliers/vosdroits/R49730
33739,15455,30/03/2021,30/03/2021,1,0,0,,,1.1.1.1.1.4.1.2.2.73,,,#000000,,https://www.service-public.fr/particuliers/vosdroits/R49718
33741,15830,30/03/2021,30/03/2021,1,0,0,,,1.1.1.1.1.4.1.2.2.74,,,#000000,,https://www.service-public.fr/particuliers/vosdroits/R49726
33743,15833,30/03/2021,30/03/2021,1,0,0,,,1.1.1.1.1.4.1.2.2.75,,,#000000,,https://www.service-public.fr/particuliers/vosdroits/R49854
33745,16097,30/03/2021,30/03/2021,1,0,0,,,1.1.1.1.1.4.1.2.2.76,,,#000000,,https://www.service-public.fr/particuliers/vosdroits/R56731
33747,16079,30/03/2021,30/03/2021,1,0,0,,,1.1.1.1.1.4.1.2.2.77,,,#000000,,https://www.service-public.fr/particuliers/vosdroits/R58896
33749,15791,30/03/2021,30/03/2021,1,0,0,,,1.1.1.1.1.4.1.2.2.78,,,#000000,,https://www.service-public.fr/particuliers/vosdroits/R49072
33751,11381,30/03/2021,30/03/2021,1,0,0,,,1.1.1.1.1.4.1.2.2.79,,,#000000,,https://www.service-public.fr/particuliers/vosdroits/R58266
33753,15987,30/03/2021,30/03/2021,1,0,0,,,1.1.1.1.1.4.1.2.2.80,,,#000000,,https://www.service-public.fr/particuliers/vosdroits/R54058
33755,15736,30/03/2021,30/03/2021,1,0,0,,,1.1.1.1.1.4.1.2.2.81,,,#000000,,https://www.service-public.fr/particuliers/vosdroits/R48348
33757,15726,30/03/2021,30/03/2021,1,0,0,,,1.1.1.1.1.4.1.2.2.82,,,#000000,,https://www.service-public.fr/particuliers/vosdroits/R48755
33759,15733,30/03/2021,30/03/2021,1,0,0,,,1.1.1.1.1.4.1.2.2.83,,,#000000,,https://www.service-public.fr/particuliers/vosdroits/R48339
33761,15732,30/03/2021,30/03/2021,1,0,0,,,1.1.1.1.1.4.1.2.2.84,,,#000000,,https://www.service-public.fr/particuliers/vosdroits/R48338
33763,15707,30/03/2021,30/03/2021,1,0,0,,,1.1.1.1.1.4.1.2.2.85,,,#000000,,https://www.service-public.fr/particuliers/vosdroits/R47878
33765,15737,30/03/2021,30/03/2021,1,0,0,,,1.1.1.1.1.4.1.2.2.86,,,#000000,,https://www.service-public.fr/particuliers/vosdroits/R48350
33767,15738,30/03/2021,30/03/2021,1,0,0,,,1.1.1.1.1.4.1.2.2.87,,,#000000,,https://www.service-public.fr/particuliers/vosdroits/R48356
33769,12819,30/03/2021,30/03/2021,1,0,0,,,1.1.1.1.1.4.1.2.2.88,,,#000000,,https://www.service-public.fr/particuliers/vosdroits/R2107
33771,15789,30/03/2021,30/03/2021,1,0,0,,,1.1.1.1.1.4.1.2.2.89,,,#000000,,https://www.service-public.fr/particuliers/vosdroits/R49074
33773,16139,30/03/2021,30/03/2021,1,0,0,,,1.1.1.1.1.4.1.2.2.90,,,#000000,,https://www.service-public.fr/particuliers/vosdroits/R58771
33775,15739,30/03/2021,30/03/2021,1,0,0,,,1.1.1.1.1.4.1.2.2.91,,,#000000,,https://www.service-public.fr/particuliers/vosdroits/R48358
33777,15741,30/03/2021,30/03/2021,1,0,0,,,1.1.1.1.1.4.1.2.2.92,,,#000000,,https://www.service-public.fr/particuliers/vosdroits/R48362
33779,15742,30/03/2021,30/03/2021,1,0,0,,,1.1.1.1.1.4.1.2.2.93,,,#000000,,https://www.service-public.fr/particuliers/vosdroits/R48364
33781,10008,30/03/2021,30/03/2021,1,0,0,,,1.1.1.1.1.4.1.2.2.94,,,#000000,,https://www.service-public.fr/particuliers/vosdroits/R52997
33783,16096,30/03/2021,30/03/2021,1,0,0,,,1.1.1.1.1.4.1.2.2.95,,,#000000,,https://www.service-public.fr/particuliers/vosdroits/R56730
33785,15811,30/03/2021,30/03/2021,1,0,0,,,1.1.1.1.1.4.1.2.2.96,,,#000000,,https://www.service-public.fr/particuliers/vosdroits/R49666
33787,15813,30/03/2021,30/03/2021,1,0,0,,,1.1.1.1.1.4.1.2.2.97,,,#000000,,https://www.service-public.fr/particuliers/vosdroits/R49668
33789,12820,30/03/2021,30/03/2021,1,0,0,,,1.1.1.1.1.4.1.2.2.98,,,#000000,,https://www.service-public.fr/particuliers/vosdroits/R19762
33791,12324,30/03/2021,30/03/2021,1,0,0,,,1.1.1.1.1.4.1.2.2.99,,,#000000,,https://www.service-public.fr/particuliers/vosdroits/R58711
33793,15992,30/03/2021,30/03/2021,1,0,0,,,1.1.1.1.1.4.1.2.2.100,,,#000000,,https://www.service-public.fr/particuliers/vosdroits/R54407
33795,Autre numéro : 11126,30/03/2021,30/03/2021,1,0,0,,,1.1.1.1.1.4.1.2.2.101,,,#000000,,https://www.service-public.fr/particuliers/vosdroits/R1278
33797,15832,30/03/2021,30/03/2021,1,0,0,,,1.1.1.1.1.4.1.2.2.102,,,#000000,,https://www.service-public.fr/particuliers/vosdroits/R49722
33799,15831,30/03/2021,30/03/2021,1,0,0,,,1.1.1.1.1.4.1.2.2.103,,,#000000,,https://www.service-public.fr/particuliers/vosdroits/R49724
33801,11423,30/03/2021,30/03/2021,1,0,0,,,1.1.1.1.1.4.1.2.2.104,,,#000000,,https://www.service-public.fr/particuliers/vosdroits/R50542
33803,16077,30/03/2021,30/03/2021,1,0,0,,,1.1.1.1.1.4.1.2.2.105,,,#000000,,https://www.service-public.fr/particuliers/vosdroits/R56621
33805,11363,30/03/2021,30/03/2021,1,0,0,,,1.1.1.1.1.4.1.2.2.106,,,#000000,,https://www.service-public.fr/particuliers/vosdroits/R50401
33807,Autre numéro : 11443,30/03/2021,30/03/2021,1,0,0,,,1.1.1.1.1.4.1.2.2.107,,,#000000,,https://www.service-public.fr/particuliers/vosdroits/R1279
33598,12597,30/03/2021,30/03/2021,1,0,0,,,1.1.1.1.1.4.1.2.3.2,,,#000000,,https://www.service-public.fr/particuliers/vosdroits/R33394
33600,14415,30/03/2021,30/03/2021,1,0,0,,,1.1.1.1.1.4.1.2.3.3,,,#000000,,https://www.service-public.fr/particuliers/vosdroits/R32228
33602,11175,30/03/2021,30/03/2021,1,0,0,,,1.1.1.1.1.4.1.2.3.4,,,#000000,,https://www.service-public.fr/particuliers/vosdroits/R33837
33604,14208,30/03/2021,30/03/2021,1,0,0,,,1.1.1.1.1.4.1.2.3.5,,,#000000,,https://www.service-public.fr/particuliers/vosdroits/R14412
33606,12541,30/03/2021,30/03/2021,1,0,0,,,1.1.1.1.1.4.1.2.3.6,,,#000000,,https://www.service-public.fr/particuliers/vosdroits/R1334
33608,10544,30/03/2021,30/03/2021,1,0,0,,,1.1.1.1.1.4.1.2.3.7,,,#000000,,https://www.service-public.fr/particuliers/vosdroits/R1331
33610,10519,30/03/2021,30/03/2021,1,0,0,,,1.1.1.1.1.4.1.2.3.8,,,#000000,,https://www.service-public.fr/particuliers/vosdroits/R1428
33612,11626,30/03/2021,30/03/2021,1,0,0,,,1.1.1.1.1.4.1.2.3.9,,,#000000,,https://www.service-public.fr/particuliers/vosdroits/R15682
33614,13975,30/03/2021,30/03/2021,1,0,0,,,1.1.1.1.1.4.1.2.3.10,,,#000000,,https://www.service-public.fr/particuliers/vosdroits/R10107
33616,14732,30/03/2021,30/03/2021,1,0,0,,,1.1.1.1.1.4.1.2.3.11,,,#000000,,https://www.service-public.fr/particuliers/vosdroits/R17461
33618,11164,30/03/2021,30/03/2021,1,0,0,,,1.1.1.1.1.4.1.2.3.12,,,#000000,,https://www.service-public.fr/particuliers/vosdroits/R1431
33620,16030,30/03/2021,30/03/2021,1,0,0,,,1.1.1.1.1.4.1.2.3.13,,,#000000,,https://www.service-public.fr/particuliers/vosdroits/R18272
33622,14129,30/03/2021,30/03/2021,1,0,0,,,1.1.1.1.1.4.1.2.3.14,,,#000000,,https://www.service-public.fr/particuliers/vosdroits/R527
33624,15434,30/03/2021,30/03/2021,1,0,0,,,1.1.1.1.1.4.1.2.3.15,,,#000000,,https://www.service-public.fr/particuliers/vosdroits/R42290
33626,12267,30/03/2021,30/03/2021,1,0,0,,,1.1.1.1.1.4.1.2.3.16,,,#000000,,https://www.service-public.fr/particuliers/vosdroits/R17466
33628,10074,30/03/2021,30/03/2021,1,0,0,,,1.1.1.1.1.4.1.2.3.17,,,#000000,,https://www.service-public.fr/particuliers/vosdroits/R1990
33630,15695,30/03/2021,30/03/2021,1,0,0,,,1.1.1.1.1.4.1.2.3.18,,,#000000,,https://www.service-public.fr/particuliers/vosdroits/R19996
33632,11790,30/03/2021,30/03/2021,1,0,0,,,1.1.1.1.1.4.1.2.3.19,,,#000000,,https://www.service-public.fr/particuliers/vosdroits/R18426
33634,15031,30/03/2021,30/03/2021,1,0,0,,,1.1.1.1.1.4.1.2.3.20,,,#000000,,https://www.service-public.fr/particuliers/vosdroits/R48611
33636,14953,30/03/2021,30/03/2021,1,0,0,,,1.1.1.1.1.4.1.2.3.21,,,#000000,,https://www.service-public.fr/particuliers/vosdroits/R32889
33638,14445,30/03/2021,30/03/2021,1,0,0,,,1.1.1.1.1.4.1.2.3.22,,,#000000,,https://www.service-public.fr/particuliers/vosdroits/R16671
33640,13710,30/03/2021,30/03/2021,1,0,0,,,1.1.1.1.1.4.1.2.3.23,,,#000000,,https://www.service-public.fr/particuliers/vosdroits/R16935
33642,12040,30/03/2021,30/03/2021,1,0,0,,,1.1.1.1.1.4.1.2.3.24,,,#000000,,https://www.service-public.fr/particuliers/vosdroits/R1424
33644,10524,30/03/2021,30/03/2021,1,0,0,,,1.1.1.1.1.4.1.2.3.25,,,#000000,,https://www.service-public.fr/particuliers/vosdroits/R1430
33646,12245,30/03/2021,30/03/2021,1,0,0,,,1.1.1.1.1.4.1.2.3.26,,,#000000,,https://www.service-public.fr/particuliers/vosdroits/R1459
33648,15037,30/03/2021,30/03/2021,1,0,0,,,1.1.1.1.1.4.1.2.3.27,,,#000000,,https://www.service-public.fr/particuliers/vosdroits/R2105
33650,15433,30/03/2021,30/03/2021,1,0,0,,,1.1.1.1.1.4.1.2.3.28,,,#000000,,https://www.service-public.fr/particuliers/vosdroits/R42286
33652,11140,30/03/2021,30/03/2021,1,0,0,,,1.1.1.1.1.4.1.2.3.29,,,#000000,,https://www.service-public.fr/particuliers/vosdroits/R19710
33654,14611,30/03/2021,30/03/2021,1,0,0,,,1.1.1.1.1.4.1.2.3.30,,,#000000,,https://www.service-public.fr/particuliers/vosdroits/R2277
33656,10083,30/03/2021,30/03/2021,1,0,0,,,1.1.1.1.1.4.1.2.3.31,,,#000000,,https://www.service-public.fr/particuliers/vosdroits/R33426
33658,13679,30/03/2021,30/03/2021,1,0,0,,,1.1.1.1.1.4.1.2.3.32,,,#000000,,https://www.service-public.fr/particuliers/vosdroits/R43033
33660,10011,30/03/2021,30/03/2021,1,0,0,,,1.1.1.1.1.4.1.2.3.33,,,#000000,,https://www.service-public.fr/particuliers/vosdroits/R14404
33662,12708,30/03/2021,30/03/2021,1,0,0,,,1.1.1.1.1.4.1.2.3.34,,,#000000,,https://www.service-public.fr/particuliers/vosdroits/R2120
33664,11389,30/03/2021,30/03/2021,1,0,0,,,1.1.1.1.1.4.1.2.3.35,,,#000000,,https://www.service-public.fr/particuliers/vosdroits/R46206
33666,11162,30/03/2021,30/03/2021,1,0,0,,,1.1.1.1.1.4.1.2.3.36,,,#000000,,https://www.service-public.fr/particuliers/vosdroits/R1432
33668,11358,30/03/2021,30/03/2021,1,0,0,,,1.1.1.1.1.4.1.2.3.37,,,#000000,,https://www.service-public.fr/particuliers/vosdroits/R1313
33670,14585,30/03/2021,30/03/2021,1,0,0,,,1.1.1.1.1.4.1.2.3.38,,,#000000,,https://www.service-public.fr/particuliers/vosdroits/R204
33672,15680,30/03/2021,30/03/2021,1,0,0,,,1.1.1.1.1.4.1.2.3.39,,,#000000,,https://www.service-public.fr/particuliers/vosdroits/R48798
33674,13435,30/03/2021,30/03/2021,1,0,0,,,1.1.1.1.1.4.1.2.3.40,,,#000000,,https://www.service-public.fr/particuliers/vosdroits/R16974
33676,12622,30/03/2021,30/03/2021,1,0,0,,,1.1.1.1.1.4.1.2.3.41,,,#000000,,https://www.service-public.fr/particuliers/vosdroits/R32225
33678,16029,30/03/2021,30/03/2021,1,0,0,,,1.1.1.1.1.4.1.2.3.42,,,#000000,,https://www.service-public.fr/particuliers/vosdroits/R44660
33680,12504,30/03/2021,30/03/2021,1,0,0,,,1.1.1.1.1.4.1.2.3.43,,,#000000,,https://www.service-public.fr/particuliers/vosdroits/R1471
33682,11139,30/03/2021,30/03/2021,1,0,0,,,1.1.1.1.1.4.1.2.3.44,,,#000000,,https://www.service-public.fr/particuliers/vosdroits/R1482
33684,Autre numéro : EXP 750 CNAM septembre 2018,30/03/2021,30/03/2021,1,0,0,,,1.1.1.1.1.4.1.2.3.45,,,#000000,,https://www.service-public.fr/particuliers/vosdroits/R1422
33686,11388,30/03/2021,30/03/2021,1,0,0,,,1.1.1.1.1.4.1.2.3.46,,,#000000,,https://www.service-public.fr/particuliers/vosdroits/R1336
33688,15529,30/03/2021,30/03/2021,1,0,0,,,1.1.1.1.1.4.1.2.3.47,,,#000000,,https://www.service-public.fr/particuliers/vosdroits/R43963
33690,11573,30/03/2021,30/03/2021,1,0,0,,,1.1.1.1.1.4.1.2.3.48,,,#000000,,https://www.service-public.fr/particuliers/vosdroits/R1266
33692,11359,30/03/2021,30/03/2021,1,0,0,,,1.1.1.1.1.4.1.2.3.49,,,#000000,,https://www.service-public.fr/particuliers/vosdroits/R1382
33694,10128,30/03/2021,30/03/2021,1,0,0,,,1.1.1.1.1.4.1.2.3.50,,,#000000,,https://www.service-public.fr/particuliers/vosdroits/R1426
33696,11353,30/03/2021,30/03/2021,1,0,0,,,1.1.1.1.1.4.1.2.3.51,,,#000000,,https://www.service-public.fr/particuliers/vosdroits/R17330
33698,14130,30/03/2021,30/03/2021,1,0,0,,,1.1.1.1.1.4.1.2.3.52,,,#000000,,https://www.service-public.fr/particuliers/vosdroits/R11225
33700,15763,30/03/2021,30/03/2021,1,0,0,,,1.1.1.1.1.4.1.2.3.53,,,#000000,,https://www.service-public.fr/particuliers/vosdroits/R45084
33702,12485,30/03/2021,30/03/2021,1,0,0,,,1.1.1.1.1.4.1.2.3.54,,,#000000,,https://www.service-public.fr/particuliers/vosdroits/R10884
33704,13344,30/03/2021,30/03/2021,1,0,0,,,1.1.1.1.1.4.1.2.3.55,,,#000000,,https://www.service-public.fr/particuliers/vosdroits/R12536
33706,12596,30/03/2021,30/03/2021,1,0,0,,,1.1.1.1.1.4.1.2.3.56,,,#000000,,https://www.service-public.fr/particuliers/vosdroits/R10917
33708,14473,30/03/2021,30/03/2021,1,0,0,,,1.1.1.1.1.4.1.2.3.57,,,#000000,,https://www.service-public.fr/particuliers/vosdroits/R32226
33710,15692,30/03/2021,30/03/2021,1,0,0,,,1.1.1.1.1.4.1.2.3.58,,,#000000,,https://www.service-public.fr/particuliers/vosdroits/R19993
33712,15481,30/03/2021,30/03/2021,1,0,0,,,1.1.1.1.1.4.1.2.3.59,,,#000000,,https://www.service-public.fr/particuliers/vosdroits/R1350
33714,13974,30/03/2021,30/03/2021,1,0,0,,,1.1.1.1.1.4.1.2.3.60,,,#000000,,https://www.service-public.fr/particuliers/vosdroits/R10103
33716,10112,30/03/2021,30/03/2021,1,0,0,,,1.1.1.1.1.4.1.2.3.61,,,#000000,,https://www.service-public.fr/particuliers/vosdroits/R1305
33718,14094,30/03/2021,30/03/2021,1,0,0,,,1.1.1.1.1.4.1.2.3.62,,,#000000,,https://www.service-public.fr/particuliers/vosdroits/R351
33720,12042,30/03/2021,30/03/2021,1,0,0,,,1.1.1.1.1.4.1.2.3.63,,,#000000,,https://www.service-public.fr/particuliers/vosdroits/R32743
33722,14955,30/03/2021,30/03/2021,1,0,0,,,1.1.1.1.1.4.1.2.3.64,,,#000000,,https://www.service-public.fr/particuliers/vosdroits/R32895
33724,14584,30/03/2021,30/03/2021,1,0,0,,,1.1.1.1.1.4.1.2.3.65,,,#000000,,https://www.service-public.fr/particuliers/vosdroits/R931
33726,15427,30/03/2021,30/03/2021,1,0,0,,,1.1.1.1.1.4.1.2.3.66,,,#000000,,https://www.service-public.fr/particuliers/vosdroits/R42173
33728,10522,30/03/2021,30/03/2021,1,0,0,,,1.1.1.1.1.4.1.2.3.67,,,#000000,,https://www.service-public.fr/particuliers/vosdroits/R1429
33730,12598,30/03/2021,30/03/2021,1,0,0,,,1.1.1.1.1.4.1.2.3.68,,,#000000,,https://www.service-public.fr/particuliers/vosdroits/R33393
33732,10518,30/03/2021,30/03/2021,1,0,0,,,1.1.1.1.1.4.1.2.3.69,,,#000000,,https://www.service-public.fr/particuliers/vosdroits/R1427
33734,14465,30/03/2021,30/03/2021,1,0,0,,,1.1.1.1.1.4.1.2.3.70,,,#000000,,https://www.service-public.fr/particuliers/vosdroits/R973
33736,11174,30/03/2021,30/03/2021,1,0,0,,,1.1.1.1.1.4.1.2.3.71,,,#000000,,https://www.service-public.fr/particuliers/vosdroits/R1261
33738,12827,30/03/2021,30/03/2021,1,0,0,,,1.1.1.1.1.4.1.2.3.72,,,#000000,,https://www.service-public.fr/particuliers/vosdroits/R482
33740,15980,30/03/2021,30/03/2021,1,0,0,,,1.1.1.1.1.4.1.2.3.73,,,#000000,,https://www.service-public.fr/particuliers/vosdroits/R53718
33742,16078,30/03/2021,30/03/2021,1,0,0,,,1.1.1.1.1.4.1.2.3.74,,,#000000,,https://www.service-public.fr/particuliers/vosdroits/R54975
33744,15695,30/03/2021,30/03/2021,1,0,0,,,1.1.1.1.1.4.1.2.3.75,,,#000000,,https://www.service-public.fr/particuliers/vosdroits/R47851
33746,15695,30/03/2021,30/03/2021,1,0,0,,,1.1.1.1.1.4.1.2.3.76,,,#000000,,https://www.service-public.fr/particuliers/vosdroits/R47850
33748,15684,30/03/2021,30/03/2021,1,0,0,,,1.1.1.1.1.4.1.2.3.77,,,#000000,,https://www.service-public.fr/particuliers/vosdroits/R47414
33750,15735,30/03/2021,30/03/2021,1,0,0,,,1.1.1.1.1.4.1.2.3.78,,,#000000,,https://www.service-public.fr/particuliers/vosdroits/R48368
33752,12504,30/03/2021,30/03/2021,1,0,0,,,1.1.1.1.1.4.1.2.3.79,,,#000000,,https://www.service-public.fr/particuliers/vosdroits/R54651
33754,13351,30/03/2021,30/03/2021,1,0,0,,,1.1.1.1.1.4.1.2.3.80,,,#000000,,https://www.service-public.fr/particuliers/vosdroits/R58676
33756,11574,30/03/2021,30/03/2021,1,0,0,,,1.1.1.1.1.4.1.2.3.81,,,#000000,,https://www.service-public.fr/particuliers/vosdroits/R15649
33758,11575,30/03/2021,30/03/2021,1,0,0,,,1.1.1.1.1.4.1.2.3.82,,,#000000,,https://www.service-public.fr/particuliers/vosdroits/R13633
33760,11370,30/03/2021,30/03/2021,1,0,0,,,1.1.1.1.1.4.1.2.3.83,,,#000000,,https://www.service-public.fr/particuliers/vosdroits/R55605
33762,12821,30/03/2021,30/03/2021,1,0,0,,,1.1.1.1.1.4.1.2.3.84,,,#000000,,https://www.service-public.fr/particuliers/vosdroits/R18606
33599,16108,30/03/2021,30/03/2021,1,0,0,,,1.1.1.1.1.4.1.2.4.2,,,#000000,,https://www.service-public.fr/particuliers/vosdroits/R57305
33601,15394,30/03/2021,30/03/2021,1,0,0,,,1.1.1.1.1.4.1.2.4.3,,,#000000,,https://www.service-public.fr/particuliers/vosdroits/R42228
33603,12666,30/03/2021,30/03/2021,1,0,0,,,1.1.1.1.1.4.1.2.4.4,,,#000000,,https://www.service-public.fr/particuliers/vosdroits/R15336
33605,14208,30/03/2021,30/03/2021,1,0,0,,,1.1.1.1.1.4.1.2.4.5,,,#000000,,https://www.service-public.fr/particuliers/vosdroits/R14412
33607,15512,30/03/2021,30/03/2021,1,0,0,,,1.1.1.1.1.4.1.2.4.6,,,#000000,,https://www.service-public.fr/particuliers/vosdroits/R46258
33609,14598,30/03/2021,30/03/2021,1,0,0,,,1.1.1.1.1.4.1.2.4.7,,,#000000,,https://www.service-public.fr/particuliers/vosdroits/R19136
33611,13665,30/03/2021,30/03/2021,1,0,0,,,1.1.1.1.1.4.1.2.4.8,,,#000000,,https://www.service-public.fr/particuliers/vosdroits/R18124
33613,12772,30/03/2021,30/03/2021,1,0,0,,,1.1.1.1.1.4.1.2.4.9,,,#000000,,https://www.service-public.fr/particuliers/vosdroits/R17517
33615,15695,30/03/2021,30/03/2021,1,0,0,,,1.1.1.1.1.4.1.2.4.10,,,#000000,,https://www.service-public.fr/particuliers/vosdroits/R19996
33617,16035,30/03/2021,30/03/2021,1,0,0,,,1.1.1.1.1.4.1.2.4.11,,,#000000,,https://www.service-public.fr/particuliers/vosdroits/R50549
33619,15046,30/03/2021,30/03/2021,1,0,0,,,1.1.1.1.1.4.1.2.4.12,,,#000000,,https://www.service-public.fr/particuliers/vosdroits/R42708
33621,60-3950,30/03/2021,30/03/2021,1,0,0,,,1.1.1.1.1.4.1.2.4.13,,,#000000,,https://www.service-public.fr/particuliers/vosdroits/R1344
33623,13999,30/03/2021,30/03/2021,1,0,0,,,1.1.1.1.1.4.1.2.4.14,,,#000000,,https://www.service-public.fr/particuliers/vosdroits/R18956
33625,15519,30/03/2021,30/03/2021,1,0,0,,,1.1.1.1.1.4.1.2.4.15,,,#000000,,https://www.service-public.fr/particuliers/vosdroits/R46259
33627,14599,30/03/2021,30/03/2021,1,0,0,,,1.1.1.1.1.4.1.2.4.16,,,#000000,,https://www.service-public.fr/particuliers/vosdroits/R15060
33629,10871,30/03/2021,30/03/2021,1,0,0,,,1.1.1.1.1.4.1.2.4.17,,,#000000,,https://www.service-public.fr/particuliers/vosdroits/R14575
33631,13362,30/03/2021,30/03/2021,1,0,0,,,1.1.1.1.1.4.1.2.4.18,,,#000000,,https://www.service-public.fr/particuliers/vosdroits/R17964
33633,14355,30/03/2021,30/03/2021,1,0,0,,,1.1.1.1.1.4.1.2.4.19,,,#000000,,https://www.service-public.fr/particuliers/vosdroits/R18701
33635,11689,30/03/2021,30/03/2021,1,0,0,,,1.1.1.1.1.4.1.2.4.20,,,#000000,,https://www.service-public.fr/particuliers/vosdroits/R1396
33637,11138,30/03/2021,30/03/2021,1,0,0,,,1.1.1.1.1.4.1.2.4.21,,,#000000,,https://www.service-public.fr/particuliers/vosdroits/R43522
33639,15716,30/03/2021,30/03/2021,1,0,0,,,1.1.1.1.1.4.1.2.4.22,,,#000000,,https://www.service-public.fr/particuliers/vosdroits/R48260
33641,11383,30/03/2021,30/03/2021,1,0,0,,,1.1.1.1.1.4.1.2.4.23,,,#000000,,https://www.service-public.fr/particuliers/vosdroits/R14592
33643,15587,30/03/2021,30/03/2021,1,0,0,,,1.1.1.1.1.4.1.2.4.24,,,#000000,,https://www.service-public.fr/particuliers/vosdroits/R45130
33645,14555,30/03/2021,30/03/2021,1,0,0,,,1.1.1.1.1.4.1.2.4.25,,,#000000,,https://www.service-public.fr/particuliers/vosdroits/R19466
33647,11562,30/03/2021,30/03/2021,1,0,0,,,1.1.1.1.1.4.1.2.4.26,,,#000000,,https://www.service-public.fr/particuliers/vosdroits/R1297
33649,15612,30/03/2021,30/03/2021,1,0,0,,,1.1.1.1.1.4.1.2.4.27,,,#000000,,https://www.service-public.fr/particuliers/vosdroits/R47540
33651,11971,30/03/2021,30/03/2021,1,0,0,,,1.1.1.1.1.4.1.2.4.28,,,#000000,,https://www.service-public.fr/particuliers/vosdroits/R17426
33653,14994,30/03/2021,30/03/2021,1,0,0,,,1.1.1.1.1.4.1.2.4.29,,,#000000,,https://www.service-public.fr/particuliers/vosdroits/R43349
33655,12625,30/03/2021,30/03/2021,1,0,0,,,1.1.1.1.1.4.1.2.4.30,,,#000000,,https://www.service-public.fr/particuliers/vosdroits/R1351
33657,15973,30/03/2021,30/03/2021,1,0,0,,,1.1.1.1.1.4.1.2.4.31,,,#000000,,https://www.service-public.fr/particuliers/vosdroits/R18919
33659,14103,30/03/2021,30/03/2021,1,0,0,,,1.1.1.1.1.4.1.2.4.32,,,#000000,,https://www.service-public.fr/particuliers/vosdroits/R14821
33661,11753,30/03/2021,30/03/2021,1,0,0,,,1.1.1.1.1.4.1.2.4.33,,,#000000,,https://www.service-public.fr/particuliers/vosdroits/R1411
33663,13486,30/03/2021,30/03/2021,1,0,0,,,1.1.1.1.1.4.1.2.4.34,,,#000000,,https://www.service-public.fr/particuliers/vosdroits/R18767
33665,11830,30/03/2021,30/03/2021,1,0,0,,,1.1.1.1.1.4.1.2.4.35,,,#000000,,https://www.service-public.fr/particuliers/vosdroits/R2232
33667,15586,30/03/2021,30/03/2021,1,0,0,,,1.1.1.1.1.4.1.2.4.36,,,#000000,,https://www.service-public.fr/particuliers/vosdroits/R45128
33669,11137,30/03/2021,30/03/2021,1,0,0,,,1.1.1.1.1.4.1.2.4.37,,,#000000,,https://www.service-public.fr/particuliers/vosdroits/R14581
33671,13581,30/03/2021,30/03/2021,1,0,0,,,1.1.1.1.1.4.1.2.4.38,,,#000000,,https://www.service-public.fr/particuliers/vosdroits/R1349
33673,15417,30/03/2021,30/03/2021,1,0,0,,,1.1.1.1.1.4.1.2.4.39,,,#000000,,https://www.service-public.fr/particuliers/vosdroits/R42086
33675,15692,30/03/2021,30/03/2021,1,0,0,,,1.1.1.1.1.4.1.2.4.40,,,#000000,,https://www.service-public.fr/particuliers/vosdroits/R19993
33677,12384,30/03/2021,30/03/2021,1,0,0,,,1.1.1.1.1.4.1.2.4.41,,,#000000,,https://www.service-public.fr/particuliers/vosdroits/R2697
33679,11469,30/03/2021,30/03/2021,1,0,0,,,1.1.1.1.1.4.1.2.4.42,,,#000000,,https://www.service-public.fr/particuliers/vosdroits/R1354
33681,11690,30/03/2021,30/03/2021,1,0,0,,,1.1.1.1.1.4.1.2.4.43,,,#000000,,https://www.service-public.fr/particuliers/vosdroits/R1398
33683,15511,30/03/2021,30/03/2021,1,0,0,,,1.1.1.1.1.4.1.2.4.44,,,#000000,,https://www.service-public.fr/particuliers/vosdroits/R46252
33685,10103,30/03/2021,30/03/2021,1,0,0,,,1.1.1.1.1.4.1.2.4.45,,,#000000,,https://www.service-public.fr/particuliers/vosdroits/R1319
33687,10112,30/03/2021,30/03/2021,1,0,0,,,1.1.1.1.1.4.1.2.4.46,,,#000000,,https://www.service-public.fr/particuliers/vosdroits/R1305
33689,14463,30/03/2021,30/03/2021,1,0,0,,,1.1.1.1.1.4.1.2.4.47,,,#000000,,https://www.service-public.fr/particuliers/vosdroits/R14587
33691,10170,30/03/2021,30/03/2021,1,0,0,,,1.1.1.1.1.4.1.2.4.48,,,#000000,,https://www.service-public.fr/particuliers/vosdroits/R1458
33693,14104,30/03/2021,30/03/2021,1,0,0,,,1.1.1.1.1.4.1.2.4.49,,,#000000,,https://www.service-public.fr/particuliers/vosdroits/R1612
33695,Autre numéro : N1075,30/03/2021,30/03/2021,1,0,0,,,1.1.1.1.1.4.1.2.4.50,,,#000000,,https://www.service-public.fr/particuliers/vosdroits/R41580
33697,12434,30/03/2021,30/03/2021,1,0,0,,,1.1.1.1.1.4.1.2.4.51,,,#000000,,https://www.service-public.fr/particuliers/vosdroits/R10338
33699,14819,30/03/2021,30/03/2021,1,0,0,,,1.1.1.1.1.4.1.2.4.52,,,#000000,,https://www.service-public.fr/particuliers/vosdroits/R24448
33701,11818,30/03/2021,30/03/2021,1,0,0,,,1.1.1.1.1.4.1.2.4.53,,,#000000,,https://www.service-public.fr/particuliers/vosdroits/R33395
33703,51672#05,30/03/2021,30/03/2021,1,0,0,,,1.1.1.1.1.4.1.2.4.54,,,#000000,,https://www.service-public.fr/particuliers/vosdroits/R1388
33705,10647,30/03/2021,30/03/2021,1,0,0,,,1.1.1.1.1.4.1.2.4.55,,,#000000,,https://www.service-public.fr/particuliers/vosdroits/R1399
33707,51687,30/03/2021,30/03/2021,1,0,0,,,1.1.1.1.1.4.1.2.4.56,,,#000000,,https://www.service-public.fr/particuliers/vosdroits/R36296
33709,11687,30/03/2021,30/03/2021,1,0,0,,,1.1.1.1.1.4.1.2.4.57,,,#000000,,https://www.service-public.fr/particuliers/vosdroits/R1395
33711,13912,30/03/2021,30/03/2021,1,0,0,,,1.1.1.1.1.4.1.2.4.58,,,#000000,,https://www.service-public.fr/particuliers/vosdroits/R38861
33713,13394,30/03/2021,30/03/2021,1,0,0,,,1.1.1.1.1.4.1.2.4.59,,,#000000,,https://www.service-public.fr/particuliers/vosdroits/R19162
33715,12045,30/03/2021,30/03/2021,1,0,0,,,1.1.1.1.1.4.1.2.4.60,,,#000000,,https://www.service-public.fr/particuliers/vosdroits/R1342
33717,11688,30/03/2021,30/03/2021,1,0,0,,,1.1.1.1.1.4.1.2.4.61,,,#000000,,https://www.service-public.fr/particuliers/vosdroits/R1397
33719,61-2116,30/03/2021,30/03/2021,1,0,0,,,1.1.1.1.1.4.1.2.4.62,,,#000000,,https://www.service-public.fr/particuliers/vosdroits/R53106
33721,12827,30/03/2021,30/03/2021,1,0,0,,,1.1.1.1.1.4.1.2.4.63,,,#000000,,https://www.service-public.fr/particuliers/vosdroits/R482
33723,15656,30/03/2021,30/03/2021,1,0,0,,,1.1.1.1.1.4.1.2.4.64,,,#000000,,https://www.service-public.fr/particuliers/vosdroits/R46801
33725,15395,30/03/2021,30/03/2021,1,0,0,,,1.1.1.1.1.4.1.2.4.65,,,#000000,,https://www.service-public.fr/particuliers/vosdroits/R42229
33727,15854,30/03/2021,30/03/2021,1,0,0,,,1.1.1.1.1.4.1.2.4.66,,,#000000,,https://www.service-public.fr/particuliers/vosdroits/R49994
33729,Autre numéro : N1067,30/03/2021,30/03/2021,1,0,0,,,1.1.1.1.1.4.1.2.4.67,,,#000000,,https://www.service-public.fr/particuliers/vosdroits/R52875
33731,15396,30/03/2021,30/03/2021,1,0,0,,,1.1.1.1.1.4.1.2.4.68,,,#000000,,https://www.service-public.fr/particuliers/vosdroits/R42230
33733,11135,30/03/2021,30/03/2021,1,0,0,,,1.1.1.1.1.4.1.2.4.69,,,#000000,,https://www.service-public.fr/particuliers/vosdroits/R14583
33735,11451,30/03/2021,30/03/2021,1,0,0,,,1.1.1.1.1.4.1.2.4.70,,,#000000,,https://www.service-public.fr/particuliers/vosdroits/R19398
33737,15684,30/03/2021,30/03/2021,1,0,0,,,1.1.1.1.1.4.1.2.4.71,,,#000000,,https://www.service-public.fr/particuliers/vosdroits/R47414
33739,15856,30/03/2021,30/03/2021,1,0,0,,,1.1.1.1.1.4.1.2.4.72,,,#000000,,https://www.service-public.fr/particuliers/vosdroits/R19373
33741,14107,30/03/2021,30/03/2021,1,0,0,,,1.1.1.1.1.4.1.2.4.73,,,#000000,,https://www.service-public.fr/particuliers/vosdroits/R1574
33743,15439,30/03/2021,30/03/2021,1,0,0,,,1.1.1.1.1.4.1.2.4.74,,,#000000,,https://www.service-public.fr/particuliers/vosdroits/R19522
33745,15855,30/03/2021,30/03/2021,1,0,0,,,1.1.1.1.1.4.1.2.4.75,,,#000000,,https://www.service-public.fr/particuliers/vosdroits/R49993
33747,15542,30/03/2021,30/03/2021,1,0,0,,,1.1.1.1.1.4.1.2.4.76,,,#000000,,https://www.service-public.fr/particuliers/vosdroits/R49864
33749,14903,30/03/2021,30/03/2021,1,0,0,,,1.1.1.1.1.4.1.2.4.77,,,#000000,,https://www.service-public.fr/particuliers/vosdroits/R51503
33751,14136,30/03/2021,30/03/2021,1,0,0,,,1.1.1.1.1.4.1.2.4.78,,,#000000,,https://www.service-public.fr/particuliers/vosdroits/R12713
33753,60-3741,30/03/2021,30/03/2021,1,0,0,,,1.1.1.1.1.4.1.2.4.79,,,#000000,,https://www.service-public.fr/particuliers/vosdroits/R14593
32688,13934,30/03/2021,30/03/2021,1,0,0,,,1.1.1.1.1.4.1.2.5.7,,,#000000,,https://www.service-public.fr/particuliers/vosdroits/R12064
32690,13967,30/03/2021,30/03/2021,1,0,0,,,1.1.1.1.1.4.1.2.5.8,,,#000000,,https://www.service-public.fr/particuliers/vosdroits/R10933
32692,14433,30/03/2021,30/03/2021,1,0,0,,,1.1.1.1.1.4.1.2.5.9,,,#000000,,https://www.service-public.fr/particuliers/vosdroits/R19161
32694,13702,30/03/2021,30/03/2021,1,0,0,,,1.1.1.1.1.4.1.2.5.10,,,#000000,,https://www.service-public.fr/particuliers/vosdroits/R1995
32696,12010,30/03/2021,30/03/2021,1,0,0,,,1.1.1.1.1.4.1.2.5.11,,,#000000,,https://www.service-public.fr/particuliers/vosdroits/R1486
32698,12378,30/03/2021,30/03/2021,1,0,0,,,1.1.1.1.1.4.1.2.5.12,,,#000000,,https://www.service-public.fr/particuliers/vosdroits/R40386
32700,14039,30/03/2021,30/03/2021,1,0,0,,,1.1.1.1.1.4.1.2.5.13,,,#000000,,https://www.service-public.fr/particuliers/vosdroits/R12062
32702,10869,30/03/2021,30/03/2021,1,0,0,,,1.1.1.1.1.4.1.2.5.14,,,#000000,,https://www.service-public.fr/particuliers/vosdroits/R1253
32704,13464,30/03/2021,30/03/2021,1,0,0,,,1.1.1.1.1.4.1.2.5.15,,,#000000,,https://www.service-public.fr/particuliers/vosdroits/R140
32706,13703,30/03/2021,30/03/2021,1,0,0,,,1.1.1.1.1.4.1.2.5.16,,,#000000,,https://www.service-public.fr/particuliers/vosdroits/R2028
32708,12711,30/03/2021,30/03/2021,1,0,0,,,1.1.1.1.1.4.1.2.5.17,,,#000000,,https://www.service-public.fr/particuliers/vosdroits/R2033
32710,12012,30/03/2021,30/03/2021,1,0,0,,,1.1.1.1.1.4.1.2.5.18,,,#000000,,https://www.service-public.fr/particuliers/vosdroits/R1488
32712,14069,30/03/2021,30/03/2021,1,0,0,,,1.1.1.1.1.4.1.2.5.19,,,#000000,,https://www.service-public.fr/particuliers/vosdroits/R149
32714,11527,30/03/2021,30/03/2021,1,0,0,,,1.1.1.1.1.4.1.2.5.20,,,#000000,,https://www.service-public.fr/particuliers/vosdroits/R11307
32716,13462,30/03/2021,30/03/2021,1,0,0,,,1.1.1.1.1.4.1.2.5.21,,,#000000,,https://www.service-public.fr/particuliers/vosdroits/R2365
32718,15036,30/03/2021,30/03/2021,1,0,0,,,1.1.1.1.1.4.1.2.5.22,,,#000000,,https://www.service-public.fr/particuliers/vosdroits/R19319
32720,14606,30/03/2021,30/03/2021,1,0,0,,,1.1.1.1.1.4.1.2.5.23,,,#000000,,https://www.service-public.fr/particuliers/vosdroits/R19823
32722,10072,30/03/2021,30/03/2021,1,0,0,,,1.1.1.1.1.4.1.2.5.24,,,#000000,,https://www.service-public.fr/particuliers/vosdroits/R1492
32724,13407,30/03/2021,30/03/2021,1,0,0,,,1.1.1.1.1.4.1.2.5.25,,,#000000,,https://www.service-public.fr/particuliers/vosdroits/R1976
32726,13409,30/03/2021,30/03/2021,1,0,0,,,1.1.1.1.1.4.1.2.5.26,,,#000000,,https://www.service-public.fr/particuliers/vosdroits/R21378
32728,13408,30/03/2021,30/03/2021,1,0,0,,,1.1.1.1.1.4.1.2.5.27,,,#000000,,https://www.service-public.fr/particuliers/vosdroits/R1978
32730,12709,30/03/2021,30/03/2021,1,0,0,,,1.1.1.1.1.4.1.2.5.28,,,#000000,,https://www.service-public.fr/particuliers/vosdroits/R2466
32732,15426,30/03/2021,30/03/2021,1,0,0,,,1.1.1.1.1.4.1.2.5.29,,,#000000,,https://www.service-public.fr/particuliers/vosdroits/R42124
32734,12807,30/03/2021,30/03/2021,1,0,0,,,1.1.1.1.1.4.1.2.5.30,,,#000000,,https://www.service-public.fr/particuliers/vosdroits/R12524
32736,15652,30/03/2021,30/03/2021,1,0,0,,,1.1.1.1.1.4.1.2.5.31,,,#000000,,https://www.service-public.fr/particuliers/vosdroits/R47394
32738,13459,30/03/2021,30/03/2021,1,0,0,,,1.1.1.1.1.4.1.2.5.32,,,#000000,,https://www.service-public.fr/particuliers/vosdroits/R13099
32740,10517,30/03/2021,30/03/2021,1,0,0,,,1.1.1.1.1.4.1.2.5.33,,,#000000,,https://www.service-public.fr/particuliers/vosdroits/R1254
32742,14636,30/03/2021,30/03/2021,1,0,0,,,1.1.1.1.1.4.1.2.5.34,,,#000000,,https://www.service-public.fr/particuliers/vosdroits/R2709
32744,13405,30/03/2021,30/03/2021,1,0,0,,,1.1.1.1.1.4.1.2.5.35,,,#000000,,https://www.service-public.fr/particuliers/vosdroits/R1980
32746,15923,30/03/2021,30/03/2021,1,0,0,,,1.1.1.1.1.4.1.2.5.36,,,#000000,,https://www.service-public.fr/particuliers/vosdroits/R51472
32748,13458,30/03/2021,30/03/2021,1,0,0,,,1.1.1.1.1.4.1.2.5.37,,,#000000,,https://www.service-public.fr/particuliers/vosdroits/R13098
32750,13933,30/03/2021,30/03/2021,1,0,0,,,1.1.1.1.1.4.1.2.5.38,,,#000000,,https://www.service-public.fr/particuliers/vosdroits/R12130
32752,13411,30/03/2021,30/03/2021,1,0,0,,,1.1.1.1.1.4.1.2.5.39,,,#000000,,https://www.service-public.fr/particuliers/vosdroits/R21323
32754,12712,30/03/2021,30/03/2021,1,0,0,,,1.1.1.1.1.4.1.2.5.40,,,#000000,,https://www.service-public.fr/particuliers/vosdroits/R1881
32756,11362,30/03/2021,30/03/2021,1,0,0,,,1.1.1.1.1.4.1.2.5.41,,,#000000,,https://www.service-public.fr/particuliers/vosdroits/R1273
32758,11382,30/03/2021,30/03/2021,1,0,0,,,1.1.1.1.1.4.1.2.5.42,,,#000000,,https://www.service-public.fr/particuliers/vosdroits/R1293
32760,13837,30/03/2021,30/03/2021,1,0,0,,,1.1.1.1.1.4.1.2.5.43,,,#000000,,https://www.service-public.fr/particuliers/vosdroits/R20077
32762,11085,30/03/2021,30/03/2021,1,0,0,,,1.1.1.1.1.4.1.2.5.44,,,#000000,,https://www.service-public.fr/particuliers/vosdroits/R14120
32764,13410,30/03/2021,30/03/2021,1,0,0,,,1.1.1.1.1.4.1.2.5.45,,,#000000,,https://www.service-public.fr/particuliers/vosdroits/R1970
32766,11565,30/03/2021,30/03/2021,1,0,0,,,1.1.1.1.1.4.1.2.5.46,,,#000000,,https://www.service-public.fr/particuliers/vosdroits/R18819
32768,13968,30/03/2021,30/03/2021,1,0,0,,,1.1.1.1.1.4.1.2.5.47,,,#000000,,https://www.service-public.fr/particuliers/vosdroits/R13706
32770,13466,30/03/2021,30/03/2021,1,0,0,,,1.1.1.1.1.4.1.2.5.48,,,#000000,,https://www.service-public.fr/particuliers/vosdroits/R15226
32772,13470,30/03/2021,30/03/2021,1,0,0,,,1.1.1.1.1.4.1.2.5.49,,,#000000,,https://www.service-public.fr/particuliers/vosdroits/R14726
32774,13460,30/03/2021,30/03/2021,1,0,0,,,1.1.1.1.1.4.1.2.5.50,,,#000000,,https://www.service-public.fr/particuliers/vosdroits/R21223
32776,13404,30/03/2021,30/03/2021,1,0,0,,,1.1.1.1.1.4.1.2.5.51,,,#000000,,https://www.service-public.fr/particuliers/vosdroits/R11646
32778,13406,30/03/2021,30/03/2021,1,0,0,,,1.1.1.1.1.4.1.2.5.52,,,#000000,,https://www.service-public.fr/particuliers/vosdroits/R11637
32780,10840,30/03/2021,30/03/2021,1,0,0,,,1.1.1.1.1.4.1.2.5.53,,,#000000,,https://www.service-public.fr/particuliers/vosdroits/R41448
32782,13465,30/03/2021,30/03/2021,1,0,0,,,1.1.1.1.1.4.1.2.5.54,,,#000000,,https://www.service-public.fr/particuliers/vosdroits/R11452
32784,13463,30/03/2021,30/03/2021,1,0,0,,,1.1.1.1.1.4.1.2.5.55,,,#000000,,https://www.service-public.fr/particuliers/vosdroits/R123
32786,13461,30/03/2021,30/03/2021,1,0,0,,,1.1.1.1.1.4.1.2.5.56,,,#000000,,https://www.service-public.fr/particuliers/vosdroits/R42684
32788,13409,30/03/2021,30/03/2021,1,0,0,,,1.1.1.1.1.4.1.2.5.57,,,#000000,,https://www.service-public.fr/particuliers/vosdroits/R20835
32790,14725,30/03/2021,30/03/2021,1,0,0,,,1.1.1.1.1.4.1.2.5.58,,,#000000,,https://www.service-public.fr/particuliers/vosdroits/R18487
32792,10867,30/03/2021,30/03/2021,1,0,0,,,1.1.1.1.1.4.1.2.5.59,,,#000000,,https://www.service-public.fr/particuliers/vosdroits/R1252
32794,13412,30/03/2021,30/03/2021,1,0,0,,,1.1.1.1.1.4.1.2.5.60,,,#000000,,https://www.service-public.fr/particuliers/vosdroits/R2034
32796,11273,30/03/2021,30/03/2021,1,0,0,,,1.1.1.1.1.4.1.2.5.61,,,#000000,,https://www.service-public.fr/particuliers/vosdroits/R47482
32798,12713,30/03/2021,30/03/2021,1,0,0,,,1.1.1.1.1.4.1.2.5.62,,,#000000,,https://www.service-public.fr/particuliers/vosdroits/R18452
32800,13469,30/03/2021,30/03/2021,1,0,0,,,1.1.1.1.1.4.1.2.5.63,,,#000000,,https://www.service-public.fr/particuliers/vosdroits/R11230
32802,12808,30/03/2021,30/03/2021,1,0,0,,,1.1.1.1.1.4.1.2.5.64,,,#000000,,https://www.service-public.fr/particuliers/vosdroits/R1052
32804,14566,30/03/2021,30/03/2021,1,0,0,,,1.1.1.1.1.4.1.2.5.65,,,#000000,,https://www.service-public.fr/particuliers/vosdroits/R17415
32806,11114,30/03/2021,30/03/2021,1,0,0,,,1.1.1.1.1.4.1.2.5.66,,,#000000,,https://www.service-public.fr/particuliers/vosdroits/R17557
32808,10400,30/03/2021,30/03/2021,1,0,0,,,1.1.1.1.1.4.1.2.5.67,,,#000000,,https://www.service-public.fr/particuliers/vosdroits/R36008
32810,11187,30/03/2021,30/03/2021,1,0,0,,,1.1.1.1.1.4.1.2.5.68,,,#000000,,https://www.service-public.fr/particuliers/vosdroits/R47480
32812,10842,30/03/2021,30/03/2021,1,0,0,,,1.1.1.1.1.4.1.2.5.69,,,#000000,,https://www.service-public.fr/particuliers/vosdroits/R51280
32814,11272,30/03/2021,30/03/2021,1,0,0,,,1.1.1.1.1.4.1.2.5.70,,,#000000,,https://www.service-public.fr/particuliers/vosdroits/R47481
32816,15651,30/03/2021,30/03/2021,1,0,0,,,1.1.1.1.1.4.1.2.5.71,,,#000000,,https://www.service-public.fr/particuliers/vosdroits/R47392
32818,16027,30/03/2021,30/03/2021,1,0,0,,,1.1.1.1.1.4.1.2.5.72,,,#000000,,https://www.service-public.fr/particuliers/vosdroits/R54959
32820,11194,30/03/2021,30/03/2021,1,0,0,,,1.1.1.1.1.4.1.2.5.73,,,#000000,,https://www.service-public.fr/particuliers/vosdroits/R47483
32822,11195,30/03/2021,30/03/2021,1,0,0,,,1.1.1.1.1.4.1.2.5.74,,,#000000,,https://www.service-public.fr/particuliers/vosdroits/R47484
32824,15663,30/03/2021,30/03/2021,1,0,0,,,1.1.1.1.1.4.1.2.5.75,,,#000000,,https://www.service-public.fr/particuliers/vosdroits/R47396
32826,16026,30/03/2021,30/03/2021,1,0,0,,,1.1.1.1.1.4.1.2.5.76,,,#000000,,https://www.service-public.fr/particuliers/vosdroits/R54958
32828,16025,30/03/2021,30/03/2021,1,0,0,,,1.1.1.1.1.4.1.2.5.77,,,#000000,,https://www.service-public.fr/particuliers/vosdroits/R54957
33600,14880,30/03/2021,30/03/2021,1,0,0,,,1.1.1.1.1.4.1.2.6.2,,,#000000,,https://www.service-public.fr/particuliers/vosdroits/R14006
33602,14366,30/03/2021,30/03/2021,1,0,0,,,1.1.1.1.1.4.1.2.6.3,,,#000000,,https://www.service-public.fr/particuliers/vosdroits/R21909
33604,15695,30/03/2021,30/03/2021,1,0,0,,,1.1.1.1.1.4.1.2.6.4,,,#000000,,https://www.service-public.fr/particuliers/vosdroits/R19996
33606,13753,30/03/2021,30/03/2021,1,0,0,,,1.1.1.1.1.4.1.2.6.5,,,#000000,,https://www.service-public.fr/particuliers/vosdroits/R1417
33608,13757,30/03/2021,30/03/2021,1,0,0,,,1.1.1.1.1.4.1.2.6.6,,,#000000,,https://www.service-public.fr/particuliers/vosdroits/R1137
33610,13853,30/03/2021,30/03/2021,1,0,0,,,1.1.1.1.1.4.1.2.6.7,,,#000000,,https://www.service-public.fr/particuliers/vosdroits/R19217
33612,13675,30/03/2021,30/03/2021,1,0,0,,,1.1.1.1.1.4.1.2.6.8,,,#000000,,https://www.service-public.fr/particuliers/vosdroits/R19105
33614,15776,30/03/2021,30/03/2021,1,0,0,,,1.1.1.1.1.4.1.2.6.9,,,#000000,,https://www.service-public.fr/particuliers/vosdroits/R20300
33616,10640,30/03/2021,30/03/2021,1,0,0,,,1.1.1.1.1.4.1.2.6.10,,,#000000,,https://www.service-public.fr/particuliers/vosdroits/R14636
33618,15692,30/03/2021,30/03/2021,1,0,0,,,1.1.1.1.1.4.1.2.6.11,,,#000000,,https://www.service-public.fr/particuliers/vosdroits/R19993
33620,13749,30/03/2021,30/03/2021,1,0,0,,,1.1.1.1.1.4.1.2.6.12,,,#000000,,https://www.service-public.fr/particuliers/vosdroits/R14220
33622,14881,30/03/2021,30/03/2021,1,0,0,,,1.1.1.1.1.4.1.2.6.13,,,#000000,,https://www.service-public.fr/particuliers/vosdroits/R33870
33624,13750,30/03/2021,30/03/2021,1,0,0,,,1.1.1.1.1.4.1.2.6.14,,,#000000,,https://www.service-public.fr/particuliers/vosdroits/R13567
33626,14882,30/03/2021,30/03/2021,1,0,0,,,1.1.1.1.1.4.1.2.6.15,,,#000000,,https://www.service-public.fr/particuliers/vosdroits/R2135
33628,13752,30/03/2021,30/03/2021,1,0,0,,,1.1.1.1.1.4.1.2.6.16,,,#000000,,https://www.service-public.fr/particuliers/vosdroits/R14217
33630,15817,30/03/2021,30/03/2021,1,0,0,,,1.1.1.1.1.4.1.2.6.17,,,#000000,,https://www.service-public.fr/particuliers/vosdroits/R49753
33632,14948,30/03/2021,30/03/2021,1,0,0,,,1.1.1.1.1.4.1.2.6.18,,,#000000,,https://www.service-public.fr/particuliers/vosdroits/R32666
33634,14365,30/03/2021,30/03/2021,1,0,0,,,1.1.1.1.1.4.1.2.6.19,,,#000000,,https://www.service-public.fr/particuliers/vosdroits/R21908
32261,50318#23,30/03/2021,30/03/2021,1,0,0,,,1.1.1.1.1.4.1.2.7.10,,,#000000,,https://www.service-public.fr/particuliers/vosdroits/R55288
32263,15533,30/03/2021,30/03/2021,1,0,0,,,1.1.1.1.1.4.1.2.7.11,,,#000000,,https://www.service-public.fr/particuliers/vosdroits/R44930
32265,15974,30/03/2021,30/03/2021,1,0,0,,,1.1.1.1.1.4.1.2.7.12,,,#000000,,https://www.service-public.fr/particuliers/vosdroits/R53262
32267,16042,30/03/2021,30/03/2021,1,0,0,,,1.1.1.1.1.4.1.2.7.13,,,#000000,,https://www.service-public.fr/particuliers/vosdroits/R14232
32269,15569,30/03/2021,30/03/2021,1,0,0,,,1.1.1.1.1.4.1.2.7.14,,,#000000,,https://www.service-public.fr/particuliers/vosdroits/R45159
32271,15484,30/03/2021,30/03/2021,1,0,0,,,1.1.1.1.1.4.1.2.7.15,,,#000000,,https://www.service-public.fr/particuliers/vosdroits/R55332
32273,10070,30/03/2021,30/03/2021,1,0,0,,,1.1.1.1.1.4.1.2.7.16,,,#000000,,https://www.service-public.fr/particuliers/vosdroits/R42719
32275,11580,30/03/2021,30/03/2021,1,0,0,,,1.1.1.1.1.4.1.2.7.17,,,#000000,,https://www.service-public.fr/particuliers/vosdroits/R17454
32277,11226,30/03/2021,30/03/2021,1,0,0,,,1.1.1.1.1.4.1.2.7.18,,,#000000,,https://www.service-public.fr/particuliers/vosdroits/R10243
32279,11705,30/03/2021,30/03/2021,1,0,0,,,1.1.1.1.1.4.1.2.7.19,,,#000000,,https://www.service-public.fr/particuliers/vosdroits/R55333
32281,13573,30/03/2021,30/03/2021,1,0,0,,,1.1.1.1.1.4.1.2.7.20,,,#000000,,https://www.service-public.fr/particuliers/vosdroits/R11478
32283,10869,30/03/2021,30/03/2021,1,0,0,,,1.1.1.1.1.4.1.2.7.21,,,#000000,,https://www.service-public.fr/particuliers/vosdroits/R1253
32285,10512,30/03/2021,30/03/2021,1,0,0,,,1.1.1.1.1.4.1.2.7.22,,,#000000,,https://www.service-public.fr/particuliers/vosdroits/R37302
32287,11222,30/03/2021,30/03/2021,1,0,0,,,1.1.1.1.1.4.1.2.7.23,,,#000000,,https://www.service-public.fr/particuliers/vosdroits/R36751
32289,11222,30/03/2021,30/03/2021,1,0,0,,,1.1.1.1.1.4.1.2.7.24,,,#000000,,https://www.service-public.fr/particuliers/vosdroits/R1282
32291,12359,30/03/2021,30/03/2021,1,0,0,,,1.1.1.1.1.4.1.2.7.25,,,#000000,,https://www.service-public.fr/particuliers/vosdroits/R43442
32293,11905,30/03/2021,30/03/2021,1,0,0,,,1.1.1.1.1.4.1.2.7.26,,,#000000,,https://www.service-public.fr/particuliers/vosdroits/R1286
32295,11998,30/03/2021,30/03/2021,1,0,0,,,1.1.1.1.1.4.1.2.7.27,,,#000000,,https://www.service-public.fr/particuliers/vosdroits/R11273
32297,"11277, 12322 et 12321",30/03/2021,30/03/2021,1,0,0,,,1.1.1.1.1.4.1.2.7.28,,,#000000,,https://www.service-public.fr/particuliers/vosdroits/R10279
32299,10546,30/03/2021,30/03/2021,1,0,0,,,1.1.1.1.1.4.1.2.7.29,,,#000000,,https://www.service-public.fr/particuliers/vosdroits/R18251
32301,11916,30/03/2021,30/03/2021,1,0,0,,,1.1.1.1.1.4.1.2.7.30,,,#000000,,https://www.service-public.fr/particuliers/vosdroits/R40394
32303,15531,30/03/2021,30/03/2021,1,0,0,,,1.1.1.1.1.4.1.2.7.31,,,#000000,,https://www.service-public.fr/particuliers/vosdroits/R44811
32305,11278,30/03/2021,30/03/2021,1,0,0,,,1.1.1.1.1.4.1.2.7.32,,,#000000,,https://www.service-public.fr/particuliers/vosdroits/R1224
32307,10517,30/03/2021,30/03/2021,1,0,0,,,1.1.1.1.1.4.1.2.7.33,,,#000000,,https://www.service-public.fr/particuliers/vosdroits/R1254
32309,15776,30/03/2021,30/03/2021,1,0,0,,,1.1.1.1.1.4.1.2.7.34,,,#000000,,https://www.service-public.fr/particuliers/vosdroits/R20300
32311,11176,30/03/2021,30/03/2021,1,0,0,,,1.1.1.1.1.4.1.2.7.35,,,#000000,,https://www.service-public.fr/particuliers/vosdroits/R14113
32313,12358,30/03/2021,30/03/2021,1,0,0,,,1.1.1.1.1.4.1.2.7.36,,,#000000,,https://www.service-public.fr/particuliers/vosdroits/R31759
32315,13426,30/03/2021,30/03/2021,1,0,0,,,1.1.1.1.1.4.1.2.7.37,,,#000000,,https://www.service-public.fr/particuliers/vosdroits/R17890
32317,11290,30/03/2021,30/03/2021,1,0,0,,,1.1.1.1.1.4.1.2.7.38,,,#000000,,https://www.service-public.fr/particuliers/vosdroits/R52896
32319,10334,30/03/2021,30/03/2021,1,0,0,,,1.1.1.1.1.4.1.2.7.39,,,#000000,,https://www.service-public.fr/particuliers/vosdroits/R1283
32321,14579,30/03/2021,30/03/2021,1,0,0,,,1.1.1.1.1.4.1.2.7.40,,,#000000,,https://www.service-public.fr/particuliers/vosdroits/R38077
32323,11921,30/03/2021,30/03/2021,1,0,0,,,1.1.1.1.1.4.1.2.7.41,,,#000000,,https://www.service-public.fr/particuliers/vosdroits/R13748
32325,15532,30/03/2021,30/03/2021,1,0,0,,,1.1.1.1.1.4.1.2.7.42,,,#000000,,https://www.service-public.fr/particuliers/vosdroits/R44927
32327,11737,30/03/2021,30/03/2021,1,0,0,,,1.1.1.1.1.4.1.2.7.43,,,#000000,,https://www.service-public.fr/particuliers/vosdroits/R41139
32329,13594,30/03/2021,30/03/2021,1,0,0,,,1.1.1.1.1.4.1.2.7.44,,,#000000,,https://www.service-public.fr/particuliers/vosdroits/R17094
32331,14770,30/03/2021,30/03/2021,1,0,0,,,1.1.1.1.1.4.1.2.7.45,,,#000000,,https://www.service-public.fr/particuliers/vosdroits/R14142
32333,11085,30/03/2021,30/03/2021,1,0,0,,,1.1.1.1.1.4.1.2.7.46,,,#000000,,https://www.service-public.fr/particuliers/vosdroits/R14120
32335,11565,30/03/2021,30/03/2021,1,0,0,,,1.1.1.1.1.4.1.2.7.47,,,#000000,,https://www.service-public.fr/particuliers/vosdroits/R18819
32337,14968,30/03/2021,30/03/2021,1,0,0,,,1.1.1.1.1.4.1.2.7.48,,,#000000,,https://www.service-public.fr/particuliers/vosdroits/R38703
32339,13801,30/03/2021,30/03/2021,1,0,0,,,1.1.1.1.1.4.1.2.7.49,,,#000000,,https://www.service-public.fr/particuliers/vosdroits/R43902
32341,15637,30/03/2021,30/03/2021,1,0,0,,,1.1.1.1.1.4.1.2.7.50,,,#000000,,https://www.service-public.fr/particuliers/vosdroits/R32008
32343,14727,30/03/2021,30/03/2021,1,0,0,,,1.1.1.1.1.4.1.2.7.51,,,#000000,,https://www.service-public.fr/particuliers/vosdroits/R31863
32345,15507,30/03/2021,30/03/2021,1,0,0,,,1.1.1.1.1.4.1.2.7.52,,,#000000,,https://www.service-public.fr/particuliers/vosdroits/R43946
32347,15332,30/03/2021,30/03/2021,1,0,0,,,1.1.1.1.1.4.1.2.7.53,,,#000000,,https://www.service-public.fr/particuliers/vosdroits/R45156
32349,11428,30/03/2021,30/03/2021,1,0,0,,,1.1.1.1.1.4.1.2.7.54,,,#000000,,https://www.service-public.fr/particuliers/vosdroits/R10883
32351,12357,30/03/2021,30/03/2021,1,0,0,,,1.1.1.1.1.4.1.2.7.55,,,#000000,,https://www.service-public.fr/particuliers/vosdroits/R31755
32353,10867,30/03/2021,30/03/2021,1,0,0,,,1.1.1.1.1.4.1.2.7.56,,,#000000,,https://www.service-public.fr/particuliers/vosdroits/R1252
32355,10330,30/03/2021,30/03/2021,1,0,0,,,1.1.1.1.1.4.1.2.7.57,,,#000000,,https://www.service-public.fr/particuliers/vosdroits/R1281
32357,11942,30/03/2021,30/03/2021,1,0,0,,,1.1.1.1.1.4.1.2.7.58,,,#000000,,https://www.service-public.fr/particuliers/vosdroits/R10245
32359,10142,30/03/2021,30/03/2021,1,0,0,,,1.1.1.1.1.4.1.2.7.59,,,#000000,,https://www.service-public.fr/particuliers/vosdroits/R1087
32361,13567,30/03/2021,30/03/2021,1,0,0,,,1.1.1.1.1.4.1.2.7.60,,,#000000,,https://www.service-public.fr/particuliers/vosdroits/R11242
32363,11287,30/03/2021,30/03/2021,1,0,0,,,1.1.1.1.1.4.1.2.7.61,,,#000000,,https://www.service-public.fr/particuliers/vosdroits/R33700
32365,15930,30/03/2021,30/03/2021,1,0,0,,,1.1.1.1.1.4.1.2.7.62,,,#000000,,https://www.service-public.fr/particuliers/vosdroits/R51760
32367,15798,30/03/2021,30/03/2021,1,0,0,,,1.1.1.1.1.4.1.2.7.63,,,#000000,,https://www.service-public.fr/particuliers/vosdroits/R50668
32369,11192,30/03/2021,30/03/2021,1,0,0,,,1.1.1.1.1.4.1.2.7.64,,,#000000,,https://www.service-public.fr/particuliers/vosdroits/R52898
32371,15975,30/03/2021,30/03/2021,1,0,0,,,1.1.1.1.1.4.1.2.7.65,,,#000000,,https://www.service-public.fr/particuliers/vosdroits/R53274
32373,15901,30/03/2021,30/03/2021,1,0,0,,,1.1.1.1.1.4.1.2.7.66,,,#000000,,https://www.service-public.fr/particuliers/vosdroits/R55335
32375,15018,30/03/2021,30/03/2021,1,0,0,,,1.1.1.1.1.4.1.2.7.67,,,#000000,,https://www.service-public.fr/particuliers/vosdroits/R55231
32377,11417,30/03/2021,30/03/2021,1,0,0,,,1.1.1.1.1.4.1.2.7.68,,,#000000,,https://www.service-public.fr/particuliers/vosdroits/R14665
32379,13396,30/03/2021,30/03/2021,1,0,0,,,1.1.1.1.1.4.1.2.7.69,,,#000000,,https://www.service-public.fr/particuliers/vosdroits/R48769
32381,15760,30/03/2021,30/03/2021,1,0,0,,,1.1.1.1.1.4.1.2.7.70,,,#000000,,https://www.service-public.fr/particuliers/vosdroits/R48765
32383,15525,30/03/2021,30/03/2021,1,0,0,,,1.1.1.1.1.4.1.2.7.71,,,#000000,,https://www.service-public.fr/particuliers/vosdroits/R48373
32385,15015,30/03/2021,30/03/2021,1,0,0,,,1.1.1.1.1.4.1.2.7.72,,,#000000,,https://www.service-public.fr/particuliers/vosdroits/R55331
32387,15978,30/03/2021,30/03/2021,1,0,0,,,1.1.1.1.1.4.1.2.7.73,,,#000000,,https://www.service-public.fr/particuliers/vosdroits/R53275
32389,12161,30/03/2021,30/03/2021,1,0,0,,,1.1.1.1.1.4.1.2.7.74,,,#000000,,https://www.service-public.fr/particuliers/vosdroits/R47566
33601,16037,30/03/2021,30/03/2021,1,0,0,,,1.1.1.1.1.4.1.2.8.2,,,#000000,,https://www.service-public.fr/particuliers/vosdroits/R55312
33603,12823,30/03/2021,30/03/2021,1,0,0,,,1.1.1.1.1.4.1.2.8.3,,,#000000,,https://www.service-public.fr/particuliers/vosdroits/R18631
33605,16042,30/03/2021,30/03/2021,1,0,0,,,1.1.1.1.1.4.1.2.8.4,,,#000000,,https://www.service-public.fr/particuliers/vosdroits/R14232
33607,12825,30/03/2021,30/03/2021,1,0,0,,,1.1.1.1.1.4.1.2.8.5,,,#000000,,https://www.service-public.fr/particuliers/vosdroits/R18782
33609,14454,30/03/2021,30/03/2021,1,0,0,,,1.1.1.1.1.4.1.2.8.6,,,#000000,,https://www.service-public.fr/particuliers/vosdroits/R2459
33611,11723,30/03/2021,30/03/2021,1,0,0,,,1.1.1.1.1.4.1.2.8.7,,,#000000,,https://www.service-public.fr/particuliers/vosdroits/R1463
33613,11527,30/03/2021,30/03/2021,1,0,0,,,1.1.1.1.1.4.1.2.8.8,,,#000000,,https://www.service-public.fr/particuliers/vosdroits/R11307
33615,15458,30/03/2021,30/03/2021,1,0,0,,,1.1.1.1.1.4.1.2.8.9,,,#000000,,https://www.service-public.fr/particuliers/vosdroits/R42412
33617,13633,30/03/2021,30/03/2021,1,0,0,,,1.1.1.1.1.4.1.2.8.10,,,#000000,,https://www.service-public.fr/particuliers/vosdroits/R19919
33619,12948,30/03/2021,30/03/2021,1,0,0,,,1.1.1.1.1.4.1.2.8.11,,,#000000,,https://www.service-public.fr/particuliers/vosdroits/R1465
33621,15626,30/03/2021,30/03/2021,1,0,0,,,1.1.1.1.1.4.1.2.8.12,,,#000000,,https://www.service-public.fr/particuliers/vosdroits/R1444
33623,13960,30/03/2021,30/03/2021,1,0,0,,,1.1.1.1.1.4.1.2.8.13,,,#000000,,https://www.service-public.fr/particuliers/vosdroits/R1027
33625,15602,30/03/2021,30/03/2021,1,0,0,,,1.1.1.1.1.4.1.2.8.14,,,#000000,,https://www.service-public.fr/particuliers/vosdroits/R10223
33627,10071,30/03/2021,30/03/2021,1,0,0,,,1.1.1.1.1.4.1.2.8.15,,,#000000,,https://www.service-public.fr/particuliers/vosdroits/R20115
33629,15628,30/03/2021,30/03/2021,1,0,0,,,1.1.1.1.1.4.1.2.8.16,,,#000000,,https://www.service-public.fr/particuliers/vosdroits/R47004
33631,13488,30/03/2021,30/03/2021,1,0,0,,,1.1.1.1.1.4.1.2.8.17,,,#000000,,https://www.service-public.fr/particuliers/vosdroits/R33420
33633,11808,30/03/2021,30/03/2021,1,0,0,,,1.1.1.1.1.4.1.2.8.18,,,#000000,,https://www.service-public.fr/particuliers/vosdroits/R1408
33635,12946,30/03/2021,30/03/2021,1,0,0,,,1.1.1.1.1.4.1.2.8.19,,,#000000,,https://www.service-public.fr/particuliers/vosdroits/R16191
33637,15289,30/03/2021,30/03/2021,1,0,0,,,1.1.1.1.1.4.1.2.8.20,,,#000000,,https://www.service-public.fr/particuliers/vosdroits/R40452
33639,13915,30/03/2021,30/03/2021,1,0,0,,,1.1.1.1.1.4.1.2.8.21,,,#000000,,https://www.service-public.fr/particuliers/vosdroits/R18050
33641,16040,30/03/2021,30/03/2021,1,0,0,,,1.1.1.1.1.4.1.2.8.22,,,#000000,,https://www.service-public.fr/particuliers/vosdroits/R31386
33643,15290,30/03/2021,30/03/2021,1,0,0,,,1.1.1.1.1.4.1.2.8.23,,,#000000,,https://www.service-public.fr/particuliers/vosdroits/R40628
33645,16112,30/03/2021,30/03/2021,1,0,0,,,1.1.1.1.1.4.1.2.8.24,,,#000000,,https://www.service-public.fr/particuliers/vosdroits/R1448
33647,11273,30/03/2021,30/03/2021,1,0,0,,,1.1.1.1.1.4.1.2.8.25,,,#000000,,https://www.service-public.fr/particuliers/vosdroits/R47482
33649,15173,30/03/2021,30/03/2021,1,0,0,,,1.1.1.1.1.4.1.2.8.26,,,#000000,,https://www.service-public.fr/particuliers/vosdroits/R39717
33651,11187,30/03/2021,30/03/2021,1,0,0,,,1.1.1.1.1.4.1.2.8.27,,,#000000,,https://www.service-public.fr/particuliers/vosdroits/R47480
33653,En cours d'homologation,30/03/2021,30/03/2021,1,0,0,,,1.1.1.1.1.4.1.2.8.28,,,#000000,,https://www.service-public.fr/particuliers/vosdroits/R57339
33655,16041,30/03/2021,30/03/2021,1,0,0,,,1.1.1.1.1.4.1.2.8.29,,,#000000,,https://www.service-public.fr/particuliers/vosdroits/R55323
33657,Autre numéro : A,30/03/2021,30/03/2021,1,0,0,,,1.1.1.1.1.4.1.2.8.30,,,#000000,,https://www.service-public.fr/particuliers/vosdroits/R37275
33659,15414,30/03/2021,30/03/2021,1,0,0,,,1.1.1.1.1.4.1.2.8.31,,,#000000,,https://www.service-public.fr/particuliers/vosdroits/R41993
33661,11272,30/03/2021,30/03/2021,1,0,0,,,1.1.1.1.1.4.1.2.8.32,,,#000000,,https://www.service-public.fr/particuliers/vosdroits/R47481
33663,15627,30/03/2021,30/03/2021,1,0,0,,,1.1.1.1.1.4.1.2.8.33,,,#000000,,https://www.service-public.fr/particuliers/vosdroits/R47006
33665,11194,30/03/2021,30/03/2021,1,0,0,,,1.1.1.1.1.4.1.2.8.34,,,#000000,,https://www.service-public.fr/particuliers/vosdroits/R47483
33667,11195,30/03/2021,30/03/2021,1,0,0,,,1.1.1.1.1.4.1.2.8.35,,,#000000,,https://www.service-public.fr/particuliers/vosdroits/R47484
33669,15708,30/03/2021,30/03/2021,1,0,0,,,1.1.1.1.1.4.1.2.8.36,,,#000000,,https://www.service-public.fr/particuliers/vosdroits/R47876
33671,15728,30/03/2021,30/03/2021,1,0,0,,,1.1.1.1.1.4.1.2.8.37,,,#000000,,https://www.service-public.fr/particuliers/vosdroits/R48318
33673,15774,30/03/2021,30/03/2021,1,0,0,,,1.1.1.1.1.4.1.2.8.38,,,#000000,,https://www.service-public.fr/particuliers/vosdroits/R48700
33675,12820,30/03/2021,30/03/2021,1,0,0,,,1.1.1.1.1.4.1.2.8.39,,,#000000,,https://www.service-public.fr/particuliers/vosdroits/R19762
33677,16141,30/03/2021,30/03/2021,1,0,0,,,1.1.1.1.1.4.1.2.8.40,,,#000000,,https://www.service-public.fr/particuliers/vosdroits/R58806
33679,12821,30/03/2021,30/03/2021,1,0,0,,,1.1.1.1.1.4.1.2.8.41,,,#000000,,https://www.service-public.fr/particuliers/vosdroits/R18606
33602,11436,30/03/2021,30/03/2021,1,0,0,,,1.1.1.1.1.4.1.2.9.2,,,#000000,,https://www.service-public.fr/particuliers/vosdroits/R1251
33604,11203,30/03/2021,30/03/2021,1,0,0,,,1.1.1.1.1.4.1.2.9.3,,,#000000,,https://www.service-public.fr/particuliers/vosdroits/R1457
33606,15187,30/03/2021,30/03/2021,1,0,0,,,1.1.1.1.1.4.1.2.9.4,,,#000000,,https://www.service-public.fr/particuliers/vosdroits/R18896
33608,15561,30/03/2021,30/03/2021,1,0,0,,,1.1.1.1.1.4.1.2.9.5,,,#000000,,https://www.service-public.fr/particuliers/vosdroits/R44563
33610,15618,30/03/2021,30/03/2021,1,0,0,,,1.1.1.1.1.4.1.2.9.6,,,#000000,,https://www.service-public.fr/particuliers/vosdroits/R46148
33612,15646,30/03/2021,30/03/2021,1,0,0,,,1.1.1.1.1.4.1.2.9.7,,,#000000,,https://www.service-public.fr/particuliers/vosdroits/R46121
33614,10798,30/03/2021,30/03/2021,1,0,0,,,1.1.1.1.1.4.1.2.9.8,,,#000000,,https://www.service-public.fr/particuliers/vosdroits/R10751
33616,11437,30/03/2021,30/03/2021,1,0,0,,,1.1.1.1.1.4.1.2.9.9,,,#000000,,https://www.service-public.fr/particuliers/vosdroits/R17771
33618,12753,30/03/2021,30/03/2021,1,0,0,,,1.1.1.1.1.4.1.2.9.10,,,#000000,,https://www.service-public.fr/particuliers/vosdroits/R16995
33620,15973,30/03/2021,30/03/2021,1,0,0,,,1.1.1.1.1.4.1.2.9.11,,,#000000,,https://www.service-public.fr/particuliers/vosdroits/R18919
33622,14571,30/03/2021,30/03/2021,1,0,0,,,1.1.1.1.1.4.1.2.9.12,,,#000000,,https://www.service-public.fr/particuliers/vosdroits/R1475
33624,15616,30/03/2021,30/03/2021,1,0,0,,,1.1.1.1.1.4.1.2.9.13,,,#000000,,https://www.service-public.fr/particuliers/vosdroits/R46146
33626,15277,30/03/2021,30/03/2021,1,0,0,,,1.1.1.1.1.4.1.2.9.14,,,#000000,,https://www.service-public.fr/particuliers/vosdroits/R39936
33628,15615,30/03/2021,30/03/2021,1,0,0,,,1.1.1.1.1.4.1.2.9.15,,,#000000,,https://www.service-public.fr/particuliers/vosdroits/R46145
33630,15562,30/03/2021,30/03/2021,1,0,0,,,1.1.1.1.1.4.1.2.9.16,,,#000000,,https://www.service-public.fr/particuliers/vosdroits/R44564
33632,15614,30/03/2021,30/03/2021,1,0,0,,,1.1.1.1.1.4.1.2.9.17,,,#000000,,https://www.service-public.fr/particuliers/vosdroits/R46144
33634,15186,30/03/2021,30/03/2021,1,0,0,,,1.1.1.1.1.4.1.2.9.18,,,#000000,,https://www.service-public.fr/particuliers/vosdroits/R18894
33636,15619,30/03/2021,30/03/2021,1,0,0,,,1.1.1.1.1.4.1.2.9.19,,,#000000,,https://www.service-public.fr/particuliers/vosdroits/R46149
33638,15617,30/03/2021,30/03/2021,1,0,0,,,1.1.1.1.1.4.1.2.9.20,,,#000000,,https://www.service-public.fr/particuliers/vosdroits/R46147
33640,15972,30/03/2021,30/03/2021,1,0,0,,,1.1.1.1.1.4.1.2.9.21,,,#000000,,https://www.service-public.fr/particuliers/vosdroits/R53674
33642,16098,30/03/2021,30/03/2021,1,0,0,,,1.1.1.1.1.4.1.2.9.22,,,#000000,,https://www.service-public.fr/particuliers/vosdroits/R57576
33644,13396,30/03/2021,30/03/2021,1,0,0,,,1.1.1.1.1.4.1.2.9.23,,,#000000,,https://www.service-public.fr/particuliers/vosdroits/R48769
33646,15971,30/03/2021,30/03/2021,1,0,0,,,1.1.1.1.1.4.1.2.9.24,,,#000000,,https://www.service-public.fr/particuliers/vosdroits/R53668
33603,15983,30/03/2021,30/03/2021,1,0,0,,,1.1.1.1.1.4.1.2.10.2,,,#000000,,https://www.service-public.fr/particuliers/vosdroits/R54087
33605,12363,30/03/2021,30/03/2021,1,0,0,,,1.1.1.1.1.4.1.2.10.3,,,#000000,,https://www.service-public.fr/particuliers/vosdroits/R707
33607,10832,30/03/2021,30/03/2021,1,0,0,,,1.1.1.1.1.4.1.2.10.4,,,#000000,,https://www.service-public.fr/particuliers/vosdroits/R1498
33609,02-0076,30/03/2021,30/03/2021,1,0,0,,,1.1.1.1.1.4.1.2.10.5,,,#000000,,https://www.service-public.fr/particuliers/vosdroits/R18482
33611,12811,30/03/2021,30/03/2021,1,0,0,,,1.1.1.1.1.4.1.2.10.6,,,#000000,,https://www.service-public.fr/particuliers/vosdroits/R18664
33613,15044,30/03/2021,30/03/2021,1,0,0,,,1.1.1.1.1.4.1.2.10.7,,,#000000,,https://www.service-public.fr/particuliers/vosdroits/R36903
33615,11033,30/03/2021,30/03/2021,1,0,0,,,1.1.1.1.1.4.1.2.10.8,,,#000000,,https://www.service-public.fr/particuliers/vosdroits/R14616
33617,13945,30/03/2021,30/03/2021,1,0,0,,,1.1.1.1.1.4.1.2.10.9,,,#000000,,https://www.service-public.fr/particuliers/vosdroits/R1340
33619,15695,30/03/2021,30/03/2021,1,0,0,,,1.1.1.1.1.4.1.2.10.10,,,#000000,,https://www.service-public.fr/particuliers/vosdroits/R19996
33621,13944,30/03/2021,30/03/2021,1,0,0,,,1.1.1.1.1.4.1.2.10.11,,,#000000,,https://www.service-public.fr/particuliers/vosdroits/R1338
33623,13997,30/03/2021,30/03/2021,1,0,0,,,1.1.1.1.1.4.1.2.10.12,,,#000000,,https://www.service-public.fr/particuliers/vosdroits/R52224
33625,14358,30/03/2021,30/03/2021,1,0,0,,,1.1.1.1.1.4.1.2.10.13,,,#000000,,https://www.service-public.fr/particuliers/vosdroits/R21844
33627,11222,30/03/2021,30/03/2021,1,0,0,,,1.1.1.1.1.4.1.2.10.14,,,#000000,,https://www.service-public.fr/particuliers/vosdroits/R36751
33629,14676,30/03/2021,30/03/2021,1,0,0,,,1.1.1.1.1.4.1.2.10.15,,,#000000,,https://www.service-public.fr/particuliers/vosdroits/R14211
33631,15848,30/03/2021,30/03/2021,1,0,0,,,1.1.1.1.1.4.1.2.10.16,,,#000000,,https://www.service-public.fr/particuliers/vosdroits/R18494
33633,11294,30/03/2021,30/03/2021,1,0,0,,,1.1.1.1.1.4.1.2.10.17,,,#000000,,https://www.service-public.fr/particuliers/vosdroits/R17176
33635,14347,30/03/2021,30/03/2021,1,0,0,,,1.1.1.1.1.4.1.2.10.18,,,#000000,,https://www.service-public.fr/particuliers/vosdroits/R21846
33637,12810,30/03/2021,30/03/2021,1,0,0,,,1.1.1.1.1.4.1.2.10.19,,,#000000,,https://www.service-public.fr/particuliers/vosdroits/R18665
33639,11289,30/03/2021,30/03/2021,1,0,0,,,1.1.1.1.1.4.1.2.10.20,,,#000000,,https://www.service-public.fr/particuliers/vosdroits/R34996
33641,14683,30/03/2021,30/03/2021,1,0,0,,,1.1.1.1.1.4.1.2.10.21,,,#000000,,https://www.service-public.fr/particuliers/vosdroits/R21202
33643,14678,30/03/2021,30/03/2021,1,0,0,,,1.1.1.1.1.4.1.2.10.22,,,#000000,,https://www.service-public.fr/particuliers/vosdroits/R1469
33645,11819,30/03/2021,30/03/2021,1,0,0,,,1.1.1.1.1.4.1.2.10.23,,,#000000,,https://www.service-public.fr/particuliers/vosdroits/R32445
33647,12546,30/03/2021,30/03/2021,1,0,0,,,1.1.1.1.1.4.1.2.10.24,,,#000000,,https://www.service-public.fr/particuliers/vosdroits/R14172
33649,11845,30/03/2021,30/03/2021,1,0,0,,,1.1.1.1.1.4.1.2.10.25,,,#000000,,https://www.service-public.fr/particuliers/vosdroits/R16883
33651,14673,30/03/2021,30/03/2021,1,0,0,,,1.1.1.1.1.4.1.2.10.26,,,#000000,,https://www.service-public.fr/particuliers/vosdroits/R1309
33653,13943,30/03/2021,30/03/2021,1,0,0,,,1.1.1.1.1.4.1.2.10.27,,,#000000,,https://www.service-public.fr/particuliers/vosdroits/R1337
33655,15956,30/03/2021,30/03/2021,1,0,0,,,1.1.1.1.1.4.1.2.10.28,,,#000000,,https://www.service-public.fr/particuliers/vosdroits/R53472
33657,13748,30/03/2021,30/03/2021,1,0,0,,,1.1.1.1.1.4.1.2.10.29,,,#000000,,https://www.service-public.fr/particuliers/vosdroits/R18121
33659,14681,30/03/2021,30/03/2021,1,0,0,,,1.1.1.1.1.4.1.2.10.30,,,#000000,,https://www.service-public.fr/particuliers/vosdroits/R21199
33661,14675,30/03/2021,30/03/2021,1,0,0,,,1.1.1.1.1.4.1.2.10.31,,,#000000,,https://www.service-public.fr/particuliers/vosdroits/R1373
33663,13996,30/03/2021,30/03/2021,1,0,0,,,1.1.1.1.1.4.1.2.10.32,,,#000000,,https://www.service-public.fr/particuliers/vosdroits/R15679
33665,13616,30/03/2021,30/03/2021,1,0,0,,,1.1.1.1.1.4.1.2.10.33,,,#000000,,https://www.service-public.fr/particuliers/vosdroits/R2501
33667,15472,30/03/2021,30/03/2021,1,0,0,,,1.1.1.1.1.4.1.2.10.34,,,#000000,,https://www.service-public.fr/particuliers/vosdroits/R42501
33669,12699,30/03/2021,30/03/2021,1,0,0,,,1.1.1.1.1.4.1.2.10.35,,,#000000,,https://www.service-public.fr/particuliers/vosdroits/R32050
33671,12660,30/03/2021,30/03/2021,1,0,0,,,1.1.1.1.1.4.1.2.10.36,,,#000000,,https://www.service-public.fr/particuliers/vosdroits/R19824
33673,11846,30/03/2021,30/03/2021,1,0,0,,,1.1.1.1.1.4.1.2.10.37,,,#000000,,https://www.service-public.fr/particuliers/vosdroits/R138
33675,14501,30/03/2021,30/03/2021,1,0,0,,,1.1.1.1.1.4.1.2.10.38,,,#000000,,https://www.service-public.fr/particuliers/vosdroits/R33365
33677,14680,30/03/2021,30/03/2021,1,0,0,,,1.1.1.1.1.4.1.2.10.39,,,#000000,,https://www.service-public.fr/particuliers/vosdroits/R18914
33679,13426,30/03/2021,30/03/2021,1,0,0,,,1.1.1.1.1.4.1.2.10.40,,,#000000,,https://www.service-public.fr/particuliers/vosdroits/R17890
33681,15100,30/03/2021,30/03/2021,1,0,0,,,1.1.1.1.1.4.1.2.10.41,,,#000000,,https://www.service-public.fr/particuliers/vosdroits/R36975
33683,14728,30/03/2021,30/03/2021,1,0,0,,,1.1.1.1.1.4.1.2.10.42,,,#000000,,https://www.service-public.fr/particuliers/vosdroits/R11485
33685,14679,30/03/2021,30/03/2021,1,0,0,,,1.1.1.1.1.4.1.2.10.43,,,#000000,,https://www.service-public.fr/particuliers/vosdroits/R21200
33687,12644,30/03/2021,30/03/2021,1,0,0,,,1.1.1.1.1.4.1.2.10.44,,,#000000,,https://www.service-public.fr/particuliers/vosdroits/R1499
33689,11921,30/03/2021,30/03/2021,1,0,0,,,1.1.1.1.1.4.1.2.10.45,,,#000000,,https://www.service-public.fr/particuliers/vosdroits/R13748
33691,15532,30/03/2021,30/03/2021,1,0,0,,,1.1.1.1.1.4.1.2.10.46,,,#000000,,https://www.service-public.fr/particuliers/vosdroits/R44927
33693,12650,30/03/2021,30/03/2021,1,0,0,,,1.1.1.1.1.4.1.2.10.47,,,#000000,,https://www.service-public.fr/particuliers/vosdroits/R1501
33695,15692,30/03/2021,30/03/2021,1,0,0,,,1.1.1.1.1.4.1.2.10.48,,,#000000,,https://www.service-public.fr/particuliers/vosdroits/R19993
33697,14938,30/03/2021,30/03/2021,1,0,0,,,1.1.1.1.1.4.1.2.10.49,,,#000000,,https://www.service-public.fr/particuliers/vosdroits/R32312
33699,11291,30/03/2021,30/03/2021,1,0,0,,,1.1.1.1.1.4.1.2.10.50,,,#000000,,https://www.service-public.fr/particuliers/vosdroits/R35003
33701,13404,30/03/2021,30/03/2021,1,0,0,,,1.1.1.1.1.4.1.2.10.51,,,#000000,,https://www.service-public.fr/particuliers/vosdroits/R11646
33703,15849,30/03/2021,30/03/2021,1,0,0,,,1.1.1.1.1.4.1.2.10.52,,,#000000,,https://www.service-public.fr/particuliers/vosdroits/R18491
33705,14346,30/03/2021,30/03/2021,1,0,0,,,1.1.1.1.1.4.1.2.10.53,,,#000000,,https://www.service-public.fr/particuliers/vosdroits/R21845
33707,14617,30/03/2021,30/03/2021,1,0,0,,,1.1.1.1.1.4.1.2.10.54,,,#000000,,https://www.service-public.fr/particuliers/vosdroits/R2328
33709,14682,30/03/2021,30/03/2021,1,0,0,,,1.1.1.1.1.4.1.2.10.55,,,#000000,,https://www.service-public.fr/particuliers/vosdroits/R1367
33711,13567,30/03/2021,30/03/2021,1,0,0,,,1.1.1.1.1.4.1.2.10.56,,,#000000,,https://www.service-public.fr/particuliers/vosdroits/R11242
33713,10251,30/03/2021,30/03/2021,1,0,0,,,1.1.1.1.1.4.1.2.10.57,,,#000000,,https://www.service-public.fr/particuliers/vosdroits/R36223
33715,15796,30/03/2021,30/03/2021,1,0,0,,,1.1.1.1.1.4.1.2.10.58,,,#000000,,https://www.service-public.fr/particuliers/vosdroits/R49384
33717,14730,30/03/2021,30/03/2021,1,0,0,,,1.1.1.1.1.4.1.2.10.59,,,#000000,,https://www.service-public.fr/particuliers/vosdroits/R23564
33719,15982,30/03/2021,30/03/2021,1,0,0,,,1.1.1.1.1.4.1.2.10.60,,,#000000,,https://www.service-public.fr/particuliers/vosdroits/R53952
33721,16111,30/03/2021,30/03/2021,1,0,0,,,1.1.1.1.1.4.1.2.10.61,,,#000000,,https://www.service-public.fr/particuliers/vosdroits/R58192
33723,14367,30/03/2021,30/03/2021,1,0,0,,,1.1.1.1.1.4.1.2.10.62,,,#000000,,https://www.service-public.fr/particuliers/vosdroits/R22119
33725,11678,30/03/2021,30/03/2021,1,0,0,,,1.1.1.1.1.4.1.2.10.63,,,#000000,,https://www.service-public.fr/particuliers/vosdroits/R17341
33727,15882,30/03/2021,30/03/2021,1,0,0,,,1.1.1.1.1.4.1.2.10.64,,,#000000,,https://www.service-public.fr/particuliers/vosdroits/R50393
33729,15699,30/03/2021,30/03/2021,1,0,0,,,1.1.1.1.1.4.1.2.10.65,,,#000000,,https://www.service-public.fr/particuliers/vosdroits/R47821
33731,11676,30/03/2021,30/03/2021,1,0,0,,,1.1.1.1.1.4.1.2.10.66,,,#000000,,https://www.service-public.fr/particuliers/vosdroits/R13745
33733,15967,30/03/2021,30/03/2021,1,0,0,,,1.1.1.1.1.4.1.2.10.67,,,#000000,,https://www.service-public.fr/particuliers/vosdroits/R53205
33735,15622,30/03/2021,30/03/2021,1,0,0,,,1.1.1.1.1.4.1.2.10.68,,,#000000,,https://www.service-public.fr/particuliers/vosdroits/R45854
33737,16119,30/03/2021,30/03/2021,1,0,0,,,1.1.1.1.1.4.1.2.10.69,,,#000000,,https://www.service-public.fr/particuliers/vosdroits/R57632
33739,16014,30/03/2021,30/03/2021,1,0,0,,,1.1.1.1.1.4.1.2.10.70,,,#000000,,https://www.service-public.fr/particuliers/vosdroits/R55325
33741,11922,30/03/2021,30/03/2021,1,0,0,,,1.1.1.1.1.4.1.2.10.71,,,#000000,,https://www.service-public.fr/particuliers/vosdroits/R13749
33743,15045,30/03/2021,30/03/2021,1,0,0,,,1.1.1.1.1.4.1.2.10.72,,,#000000,,https://www.service-public.fr/particuliers/vosdroits/R36866
